arm,seed,value_head,reward_condition,group,entropy_nats,raw_advantage_std,normalization_divisor,norm_actor_normalized,norm_actor_raw,norm_actor_centered_raw,norm_entropy_weighted,norm_critic_weighted,cosine_actor_normalized__actor_raw,cosine_actor_normalized__actor_centered_raw,cosine_actor_normalized__entropy_weighted,cosine_actor_normalized__critic_weighted,cosine_actor_raw__actor_centered_raw,cosine_actor_raw__entropy_weighted,cosine_actor_raw__critic_weighted,cosine_actor_centered_raw__entropy_weighted,cosine_actor_centered_raw__critic_weighted,cosine_entropy_weighted__critic_weighted,actor_to_entropy_norm_ratio
gru,101,original,actual,all,1.9459095001220703,0.043229821066446954,0.043229833245277405,0.05072359484059048,0.0023415617595549175,0.002192772750926781,4.365846792195171e-06,0.07997093953527094,0.9892445112180986,0.9999999999999811,-0.6506729741221359,-0.017099552909509506,0.989244509715404,-0.5904931255333076,-0.017716339550942647,-0.6506729906323263,-0.01709955150889071,0.010913873171992768,11618.271839330026
gru,101,original,actual,shared_trunk,1.9459095001220703,0.043229821066446954,0.043229833245277405,0.0021646207443572294,9.992237817364212e-05,9.357619743427806e-05,1.8731353129979032e-07,0.07823289165970192,0.9879752041308123,0.999999999999953,-0.5941582666427462,-0.4095960685184492,0.9879752090257717,-0.5248777996875214,-0.42438464879701937,-0.5941582217325532,-0.40959605731334675,0.26002856408965225,11556.136544630144
gru,101,original,actual,actor_head,1.9459095001220703,0.043229821066446954,0.043229833245277405,0.05067738638273955,0.00233942877475465,0.002190775167031237,4.36182666481749e-06,0.0,0.9892468269455277,0.9999999999999811,-0.6507766557619514,,0.989246825431031,-0.5906134949000672,,-0.6507766723794883,,,11618.386120545216
gru,101,original,actual,value_head,1.9459095001220703,0.043229821066446954,0.043229833245277405,0.0,0.0,0.0,0.0,0.016582093737381398,,,,,,,,,,,
gru,101,original,synthetic_all_zero,all,1.9459095001220703,0.043229821066446954,0.043229833245277405,0.05072359484059048,0.0023415617595549175,0.002192772750926781,4.365846792195171e-06,0.07997093953527094,0.9892445112180986,0.9999999999999811,-0.6506729741221359,-0.017099552909509506,0.989244509715404,-0.5904931255333076,-0.017716339550942647,-0.6506729906323263,-0.01709955150889071,0.010913873171992768,11618.271839330026
gru,101,original,synthetic_all_zero,shared_trunk,1.9459095001220703,0.043229821066446954,0.043229833245277405,0.0021646207443572294,9.992237817364212e-05,9.357619743427806e-05,1.8731353129979032e-07,0.07823289165970192,0.9879752041308123,0.999999999999953,-0.5941582666427462,-0.4095960685184492,0.9879752090257717,-0.5248777996875214,-0.42438464879701937,-0.5941582217325532,-0.40959605731334675,0.26002856408965225,11556.136544630144
gru,101,original,synthetic_all_zero,actor_head,1.9459095001220703,0.043229821066446954,0.043229833245277405,0.05067738638273955,0.00233942877475465,0.002190775167031237,4.36182666481749e-06,0.0,0.9892468269455277,0.9999999999999811,-0.6507766557619514,,0.989246825431031,-0.5906134949000672,,-0.6507766723794883,,,11618.386120545216
gru,101,original,synthetic_all_zero,value_head,1.9459095001220703,0.043229821066446954,0.043229833245277405,0.0,0.0,0.0,0.0,0.016582093737381398,,,,,,,,,,,
gru,101,zero,actual,all,1.9459095001220703,0.0,9.99999993922529e-09,0.0,0.0,0.0,4.365846792195171e-06,0.0,,,,,,,,,,,0.0
gru,101,zero,actual,shared_trunk,1.9459095001220703,0.0,9.99999993922529e-09,0.0,0.0,0.0,1.8731353129979032e-07,0.0,,,,,,,,,,,0.0
gru,101,zero,actual,actor_head,1.9459095001220703,0.0,9.99999993922529e-09,0.0,0.0,0.0,4.36182666481749e-06,0.0,,,,,,,,,,,0.0
gru,101,zero,actual,value_head,1.9459095001220703,0.0,9.99999993922529e-09,0.0,0.0,0.0,0.0,0.0,,,,,,,,,,,
gru,101,zero,synthetic_all_zero,all,1.9459095001220703,0.0,9.99999993922529e-09,0.0,0.0,0.0,4.365846792195171e-06,0.0,,,,,,,,,,,0.0
gru,101,zero,synthetic_all_zero,shared_trunk,1.9459095001220703,0.0,9.99999993922529e-09,0.0,0.0,0.0,1.8731353129979032e-07,0.0,,,,,,,,,,,0.0
gru,101,zero,synthetic_all_zero,actor_head,1.9459095001220703,0.0,9.99999993922529e-09,0.0,0.0,0.0,4.36182666481749e-06,0.0,,,,,,,,,,,0.0
gru,101,zero,synthetic_all_zero,value_head,1.9459095001220703,0.0,9.99999993922529e-09,0.0,0.0,0.0,0.0,0.0,,,,,,,,,,,
gru,113,original,actual,all,1.9459095001220703,0.07184355205978166,0.07184355705976486,0.042163210883145064,0.003062484574508326,0.003029154901861837,3.4387223017125594e-06,0.1154667876022811,0.9899727995187877,0.9999999999999724,-0.3998729577503211,0.004155363592438271,0.9899727948321472,-0.3586706038497634,0.0030781338659583834,-0.39987288705173624,0.004155365229834473,0.011671707513927876,12261.30149042476
gru,113,original,actual,shared_trunk,1.9459095001220703,0.07184355205978166,0.07184355705976486,0.001981108901587351,0.0001436594403258759,0.00014232991673466335,1.7103966578177632e-07,0.11281120979778132,0.9913787676198836,0.9999999999999378,-0.16946941362474446,0.09051888263649656,0.9913787639745146,-0.13670829901857326,0.06716330665186744,-0.16946937647638532,0.09051890995004983,0.24018146455587977,11582.745397286852
gru,113,original,actual,actor_head,1.9459095001220703,0.07184355205978166,0.07184355705976486,0.04211664231033397,0.0030591132267875766,0.0030258092494861435,3.4344659702819276e-06,0.0,0.9899696967183875,0.9999999999999726,-0.4004142157851224,,0.9899696920294928,-0.3591911520297598,,-0.40041414505280704,,,12262.937724456973
gru,113,original,actual,value_head,1.9459095001220703,0.07184355205978166,0.07184355705976486,0.0,0.0,0.0,0.0,0.02462133187200205,,,,,,,,,,,
gru,113,original,synthetic_all_zero,all,1.9459095001220703,0.07184355205978166,0.07184355705976486,0.042163210883145064,0.003062484574508326,0.003029154901861837,3.4387223017125594e-06,0.1154667876022811,0.9899727995187877,0.9999999999999724,-0.3998729577503211,0.004155363592438271,0.9899727948321472,-0.3586706038497634,0.0030781338659583834,-0.39987288705173624,0.004155365229834473,0.011671707513927876,12261.30149042476
gru,113,original,synthetic_all_zero,shared_trunk,1.9459095001220703,0.07184355205978166,0.07184355705976486,0.001981108901587351,0.0001436594403258759,0.00014232991673466335,1.7103966578177632e-07,0.11281120979778132,0.9913787676198836,0.9999999999999378,-0.16946941362474446,0.09051888263649656,0.9913787639745146,-0.13670829901857326,0.06716330665186744,-0.16946937647638532,0.09051890995004983,0.24018146455587977,11582.745397286852
gru,113,original,synthetic_all_zero,actor_head,1.9459095001220703,0.07184355205978166,0.07184355705976486,0.04211664231033397,0.0030591132267875766,0.0030258092494861435,3.4344659702819276e-06,0.0,0.9899696967183875,0.9999999999999726,-0.4004142157851224,,0.9899696920294928,-0.3591911520297598,,-0.40041414505280704,,,12262.937724456973
gru,113,original,synthetic_all_zero,value_head,1.9459095001220703,0.07184355205978166,0.07184355705976486,0.0,0.0,0.0,0.0,0.02462133187200205,,,,,,,,,,,
gru,113,zero,actual,all,1.9459095001220703,0.0,9.99999993922529e-09,0.0,0.0,0.0,3.4387223017125594e-06,0.0,,,,,,,,,,,0.0
gru,113,zero,actual,shared_trunk,1.9459095001220703,0.0,9.99999993922529e-09,0.0,0.0,0.0,1.7103966578177632e-07,0.0,,,,,,,,,,,0.0
gru,113,zero,actual,actor_head,1.9459095001220703,0.0,9.99999993922529e-09,0.0,0.0,0.0,3.4344659702819276e-06,0.0,,,,,,,,,,,0.0
gru,113,zero,actual,value_head,1.9459095001220703,0.0,9.99999993922529e-09,0.0,0.0,0.0,0.0,0.0,,,,,,,,,,,
gru,113,zero,synthetic_all_zero,all,1.9459095001220703,0.0,9.99999993922529e-09,0.0,0.0,0.0,3.4387223017125594e-06,0.0,,,,,,,,,,,0.0
gru,113,zero,synthetic_all_zero,shared_trunk,1.9459095001220703,0.0,9.99999993922529e-09,0.0,0.0,0.0,1.7103966578177632e-07,0.0,,,,,,,,,,,0.0
gru,113,zero,synthetic_all_zero,actor_head,1.9459095001220703,0.0,9.99999993922529e-09,0.0,0.0,0.0,3.4344659702819276e-06,0.0,,,,,,,,,,,0.0
gru,113,zero,synthetic_all_zero,value_head,1.9459095001220703,0.0,9.99999993922529e-09,0.0,0.0,0.0,0.0,0.0,,,,,,,,,,,
gru,127,original,actual,all,1.9459089040756226,0.043271395662451924,0.04327140748500824,0.059982268291109524,0.0025473974459627666,0.0025955172016233104,8.845557286479353e-06,0.08463170987680231,0.9694975620863496,0.9999999999999688,0.2227930287824086,0.008343307146369116,0.9694975679890995,0.24064163135738034,0.007257595323188566,0.22279301810292004,0.00834330614414584,0.0019319046953944435,6781.0615372752
gru,127,original,actual,shared_trunk,1.9459089040756226,0.043271395662451924,0.04327140748500824,0.0025404436824208593,0.00010789279320752264,0.00010992856674431556,3.8421872220019465e-07,0.08239767084221472,0.9720887897076355,0.999999999999929,0.11306644587124465,0.20233439952436902,0.9720887868558419,0.18941779939887707,0.17600102656454472,0.11306644788287043,0.20233439038312193,0.04568257268954487,6611.9726489985505
gru,127,original,actual,actor_head,1.9459089040756226,0.043271395662451924,0.04327140748500824,0.059928446127386716,0.0025451115678632842,0.0025931882411687817,8.837208817375475e-06,0.0,0.9694929054996275,0.9999999999999688,0.22299539284854147,,0.9694929114184622,0.24073618346864467,,0.22299538213124162,,,6781.377170759739
gru,127,original,actual,value_head,1.9459089040756226,0.043271395662451924,0.04327140748500824,0.0,0.0,0.0,0.0,0.019317094927790532,,,,,,,,,,,
gru,127,original,synthetic_all_zero,all,1.9459089040756226,0.043271395662451924,0.04327140748500824,0.059982268291109524,0.0025473974459627666,0.0025955172016233104,8.845557286479353e-06,0.08463170987680231,0.9694975620863496,0.9999999999999688,0.2227930287824086,0.008343307146369116,0.9694975679890995,0.24064163135738034,0.007257595323188566,0.22279301810292004,0.00834330614414584,0.0019319046953944435,6781.0615372752
gru,127,original,synthetic_all_zero,shared_trunk,1.9459089040756226,0.043271395662451924,0.04327140748500824,0.0025404436824208593,0.00010789279320752264,0.00010992856674431556,3.8421872220019465e-07,0.08239767084221472,0.9720887897076355,0.999999999999929,0.11306644587124465,0.20233439952436902,0.9720887868558419,0.18941779939887707,0.17600102656454472,0.11306644788287043,0.20233439038312193,0.04568257268954487,6611.9726489985505
gru,127,original,synthetic_all_zero,actor_head,1.9459089040756226,0.043271395662451924,0.04327140748500824,0.059928446127386716,0.0025451115678632842,0.0025931882411687817,8.837208817375475e-06,0.0,0.9694929054996275,0.9999999999999688,0.22299539284854147,,0.9694929114184622,0.24073618346864467,,0.22299538213124162,,,6781.377170759739
gru,127,original,synthetic_all_zero,value_head,1.9459089040756226,0.043271395662451924,0.04327140748500824,0.0,0.0,0.0,0.0,0.019317094927790532,,,,,,,,,,,
gru,127,zero,actual,all,1.9459089040756226,0.0,9.99999993922529e-09,0.0,0.0,0.0,8.845557286479353e-06,0.0,,,,,,,,,,,0.0
gru,127,zero,actual,shared_trunk,1.9459089040756226,0.0,9.99999993922529e-09,0.0,0.0,0.0,3.8421872220019465e-07,0.0,,,,,,,,,,,0.0
gru,127,zero,actual,actor_head,1.9459089040756226,0.0,9.99999993922529e-09,0.0,0.0,0.0,8.837208817375475e-06,0.0,,,,,,,,,,,0.0
gru,127,zero,actual,value_head,1.9459089040756226,0.0,9.99999993922529e-09,0.0,0.0,0.0,0.0,0.0,,,,,,,,,,,
gru,127,zero,synthetic_all_zero,all,1.9459089040756226,0.0,9.99999993922529e-09,0.0,0.0,0.0,8.845557286479353e-06,0.0,,,,,,,,,,,0.0
gru,127,zero,synthetic_all_zero,shared_trunk,1.9459089040756226,0.0,9.99999993922529e-09,0.0,0.0,0.0,3.8421872220019465e-07,0.0,,,,,,,,,,,0.0
gru,127,zero,synthetic_all_zero,actor_head,1.9459089040756226,0.0,9.99999993922529e-09,0.0,0.0,0.0,8.837208817375475e-06,0.0,,,,,,,,,,,0.0
gru,127,zero,synthetic_all_zero,value_head,1.9459089040756226,0.0,9.99999993922529e-09,0.0,0.0,0.0,0.0,0.0,,,,,,,,,,,
feedforward,101,original,actual,all,1.9459095001220703,0.0445444976375375,0.044544510543346405,0.08012773063520942,0.004812178616989086,0.003569250266294522,6.369660517671366e-06,0.3757507553579541,0.9375802529073363,0.9999999999999735,-0.8316336381660346,-0.013289845543210537,0.9375802379247294,-0.7295889452162915,-0.012802314015363232,-0.8316336455909965,-0.0132898483204687,0.01557006441509395,12579.59202266916
feedforward,101,original,actual,shared_trunk,1.9459095001220703,0.0445444976375375,0.044544510543346405,0.0030632324973513237,0.0001898520934371395,0.00013645019563158196,2.3752400067374502e-07,0.3661539451630089,0.9203193937582466,0.9999999999999479,-0.738497254500381,-0.35674587502068505,0.9203193795188036,-0.6424034047039912,-0.33300516415597825,-0.738497274318591,-0.3567459132300961,0.42848472126466025,12896.517777834488
feedforward,101,original,actual,actor_head,1.9459095001220703,0.0445444976375375,0.044544510543346405,0.08006915650496045,0.004808432096268445,0.003566641110001904,6.365230354000182e-06,0.0,0.9376070291520318,0.9999999999999736,-0.8317669681887552,,0.9376070141664722,-0.7297191108367476,,-0.8317669756126441,,,12579.145145099355
feedforward,101,original,actual,value_head,1.9459095001220703,0.0445444976375375,0.044544510543346405,0.0,0.0,0.0,0.0,0.08437961005857576,,,,,,,,,,,
feedforward,101,original,synthetic_all_zero,all,1.9459095001220703,0.0445444976375375,0.044544510543346405,0.08012773063520942,0.004812178616989086,0.003569250266294522,6.369660517671366e-06,0.3757507553579541,0.9375802529073363,0.9999999999999735,-0.8316336381660346,-0.013289845543210537,0.9375802379247294,-0.7295889452162915,-0.012802314015363232,-0.8316336455909965,-0.0132898483204687,0.01557006441509395,12579.59202266916
feedforward,101,original,synthetic_all_zero,shared_trunk,1.9459095001220703,0.0445444976375375,0.044544510543346405,0.0030632324973513237,0.0001898520934371395,0.00013645019563158196,2.3752400067374502e-07,0.3661539451630089,0.9203193937582466,0.9999999999999479,-0.738497254500381,-0.35674587502068505,0.9203193795188036,-0.6424034047039912,-0.33300516415597825,-0.738497274318591,-0.3567459132300961,0.42848472126466025,12896.517777834488
feedforward,101,original,synthetic_all_zero,actor_head,1.9459095001220703,0.0445444976375375,0.044544510543346405,0.08006915650496045,0.004808432096268445,0.003566641110001904,6.365230354000182e-06,0.0,0.9376070291520318,0.9999999999999736,-0.8317669681887552,,0.9376070141664722,-0.7297191108367476,,-0.8317669756126441,,,12579.145145099355
feedforward,101,original,synthetic_all_zero,value_head,1.9459095001220703,0.0445444976375375,0.044544510543346405,0.0,0.0,0.0,0.0,0.08437961005857576,,,,,,,,,,,
feedforward,101,zero,actual,all,1.9459095001220703,0.0,9.99999993922529e-09,0.0,0.0,0.0,6.369660517671366e-06,0.0,,,,,,,,,,,0.0
feedforward,101,zero,actual,shared_trunk,1.9459095001220703,0.0,9.99999993922529e-09,0.0,0.0,0.0,2.3752400067374502e-07,0.0,,,,,,,,,,,0.0
feedforward,101,zero,actual,actor_head,1.9459095001220703,0.0,9.99999993922529e-09,0.0,0.0,0.0,6.365230354000182e-06,0.0,,,,,,,,,,,0.0
feedforward,101,zero,actual,value_head,1.9459095001220703,0.0,9.99999993922529e-09,0.0,0.0,0.0,0.0,0.0,,,,,,,,,,,
feedforward,101,zero,synthetic_all_zero,all,1.9459095001220703,0.0,9.99999993922529e-09,0.0,0.0,0.0,6.369660517671366e-06,0.0,,,,,,,,,,,0.0
feedforward,101,zero,synthetic_all_zero,shared_trunk,1.9459095001220703,0.0,9.99999993922529e-09,0.0,0.0,0.0,2.3752400067374502e-07,0.0,,,,,,,,,,,0.0
feedforward,101,zero,synthetic_all_zero,actor_head,1.9459095001220703,0.0,9.99999993922529e-09,0.0,0.0,0.0,6.365230354000182e-06,0.0,,,,,,,,,,,0.0
feedforward,101,zero,synthetic_all_zero,value_head,1.9459095001220703,0.0,9.99999993922529e-09,0.0,0.0,0.0,0.0,0.0,,,,,,,,,,,
feedforward,113,original,actual,all,1.9459092617034912,0.07231750340814715,0.07231751084327698,0.058221822385466866,0.004214458770048626,0.004210457317589947,7.3007798707117945e-06,0.05789231299923569,0.999963662104858,0.9999999999999639,-0.2538226811409839,0.0037025815925574423,0.9999636624357859,-0.25510737713510906,0.0036525042479641622,-0.2538227387302858,0.003702581125484347,0.0013643137925785356,7974.740153313305
feedforward,113,original,actual,shared_trunk,1.9459092617034912,0.07231750340814715,0.07231751084327698,0.0023809687885625146,0.00017219892805270219,0.0001721857360477419,3.162475013170671e-07,0.05651718902380023,0.999966951265612,0.9999999999999357,-0.16745827695065743,0.09274213264930348,0.9999669517350266,-0.1669012190422035,0.0915677290988314,-0.16745833817564937,0.0927421220349865,0.032262407248662535,7528.814547614006
feedforward,113,original,actual,actor_head,1.9459092617034912,0.07231750340814715,0.07231751084327698,0.05817311741270825,0.0042109393552528475,0.004206935095238386,7.293927216424717e-06,0.0,0.9999636572390159,0.9999999999999648,-0.25397668942274565,,0.9999636575696956,-0.2552645429796658,,-0.25397674700426465,,,7975.554963273012
feedforward,113,original,actual,value_head,1.9459092617034912,0.07231750340814715,0.07231751084327698,0.0,0.0,0.0,0.0,0.012543015955084693,,,,,,,,,,,
feedforward,113,original,synthetic_all_zero,all,1.9459092617034912,0.07231750340814715,0.07231751084327698,0.058221822385466866,0.004214458770048626,0.004210457317589947,7.3007798707117945e-06,0.05789231299923569,0.999963662104858,0.9999999999999639,-0.2538226811409839,0.0037025815925574423,0.9999636624357859,-0.25510737713510906,0.0036525042479641622,-0.2538227387302858,0.003702581125484347,0.0013643137925785356,7974.740153313305
feedforward,113,original,synthetic_all_zero,shared_trunk,1.9459092617034912,0.07231750340814715,0.07231751084327698,0.0023809687885625146,0.00017219892805270219,0.0001721857360477419,3.162475013170671e-07,0.05651718902380023,0.999966951265612,0.9999999999999357,-0.16745827695065743,0.09274213264930348,0.9999669517350266,-0.1669012190422035,0.0915677290988314,-0.16745833817564937,0.0927421220349865,0.032262407248662535,7528.814547614006
feedforward,113,original,synthetic_all_zero,actor_head,1.9459092617034912,0.07231750340814715,0.07231751084327698,0.05817311741270825,0.0042109393552528475,0.004206935095238386,7.293927216424717e-06,0.0,0.9999636572390159,0.9999999999999648,-0.25397668942274565,,0.9999636575696956,-0.2552645429796658,,-0.25397674700426465,,,7975.554963273012
feedforward,113,original,synthetic_all_zero,value_head,1.9459092617034912,0.07231750340814715,0.07231751084327698,0.0,0.0,0.0,0.0,0.012543015955084693,,,,,,,,,,,
feedforward,113,zero,actual,all,1.9459092617034912,0.0,9.99999993922529e-09,0.0,0.0,0.0,7.3007798707117945e-06,0.0,,,,,,,,,,,0.0
feedforward,113,zero,actual,shared_trunk,1.9459092617034912,0.0,9.99999993922529e-09,0.0,0.0,0.0,3.162475013170671e-07,0.0,,,,,,,,,,,0.0
feedforward,113,zero,actual,actor_head,1.9459092617034912,0.0,9.99999993922529e-09,0.0,0.0,0.0,7.293927216424717e-06,0.0,,,,,,,,,,,0.0
feedforward,113,zero,actual,value_head,1.9459092617034912,0.0,9.99999993922529e-09,0.0,0.0,0.0,0.0,0.0,,,,,,,,,,,
feedforward,113,zero,synthetic_all_zero,all,1.9459092617034912,0.0,9.99999993922529e-09,0.0,0.0,0.0,7.3007798707117945e-06,0.0,,,,,,,,,,,0.0
feedforward,113,zero,synthetic_all_zero,shared_trunk,1.9459092617034912,0.0,9.99999993922529e-09,0.0,0.0,0.0,3.162475013170671e-07,0.0,,,,,,,,,,,0.0
feedforward,113,zero,synthetic_all_zero,actor_head,1.9459092617034912,0.0,9.99999993922529e-09,0.0,0.0,0.0,7.293927216424717e-06,0.0,,,,,,,,,,,0.0
feedforward,113,zero,synthetic_all_zero,value_head,1.9459092617034912,0.0,9.99999993922529e-09,0.0,0.0,0.0,0.0,0.0,,,,,,,,,,,
feedforward,127,original,actual,all,1.9459091424942017,0.0587675974583402,0.05876760929822922,0.041298833852279435,0.002679839940392211,0.0024270336345915706,8.386002326638936e-06,0.17847303221890792,0.8318650923850233,0.9999999999999521,0.24938135920151702,-0.0006903591679563178,0.8318650997232406,0.29315361024025693,-0.0019757199797300192,0.2493812984876717,-0.0006903587735396471,0.007955000954371808,4924.734366110268
feedforward,127,original,actual,shared_trunk,1.9459091424942017,0.0587675974583402,0.05876760929822922,0.0018655420698132441,0.00012210126143410115,0.00010963344151266887,3.2462345953912726e-07,0.17349119709597136,0.8585704455515658,0.9999999999998983,0.22266643986878817,-0.015721826408113464,0.8585704194935219,0.28561584096845916,-0.04460764082452521,0.22266640330255097,-0.015721817649859703,0.21140267164384896,5746.787593422182
feedforward,127,original,actual,actor_head,1.9459091424942017,0.0587675974583402,0.05876760929822922,0.04125667740310572,0.0026770568518575642,0.0024245562010274902,8.379716858695784e-06,0.0,0.8318100790929623,0.9999999999999537,0.2494333804869679,,0.831810086501052,0.2931738365968278,,0.24943331972784194,,,4923.397544189446
feedforward,127,original,actual,value_head,1.9459091424942017,0.0587675974583402,0.05876760929822922,0.0,0.0,0.0,0.0,0.04187395084796949,,,,,,,,,,,
feedforward,127,original,synthetic_all_zero,all,1.9459091424942017,0.0587675974583402,0.05876760929822922,0.041298833852279435,0.002679839940392211,0.0024270336345915706,8.386002326638936e-06,0.17847303221890792,0.8318650923850233,0.9999999999999521,0.24938135920151702,-0.0006903591679563178,0.8318650997232406,0.29315361024025693,-0.0019757199797300192,0.2493812984876717,-0.0006903587735396471,0.007955000954371808,4924.734366110268
feedforward,127,original,synthetic_all_zero,shared_trunk,1.9459091424942017,0.0587675974583402,0.05876760929822922,0.0018655420698132441,0.00012210126143410115,0.00010963344151266887,3.2462345953912726e-07,0.17349119709597136,0.8585704455515658,0.9999999999998983,0.22266643986878817,-0.015721826408113464,0.8585704194935219,0.28561584096845916,-0.04460764082452521,0.22266640330255097,-0.015721817649859703,0.21140267164384896,5746.787593422182
feedforward,127,original,synthetic_all_zero,actor_head,1.9459091424942017,0.0587675974583402,0.05876760929822922,0.04125667740310572,0.0026770568518575642,0.0024245562010274902,8.379716858695784e-06,0.0,0.8318100790929623,0.9999999999999537,0.2494333804869679,,0.831810086501052,0.2931738365968278,,0.24943331972784194,,,4923.397544189446
feedforward,127,original,synthetic_all_zero,value_head,1.9459091424942017,0.0587675974583402,0.05876760929822922,0.0,0.0,0.0,0.0,0.04187395084796949,,,,,,,,,,,
feedforward,127,zero,actual,all,1.9459091424942017,0.0,9.99999993922529e-09,0.0,0.0,0.0,8.386002326638936e-06,0.0,,,,,,,,,,,0.0
feedforward,127,zero,actual,shared_trunk,1.9459091424942017,0.0,9.99999993922529e-09,0.0,0.0,0.0,3.2462345953912726e-07,0.0,,,,,,,,,,,0.0
feedforward,127,zero,actual,actor_head,1.9459091424942017,0.0,9.99999993922529e-09,0.0,0.0,0.0,8.379716858695784e-06,0.0,,,,,,,,,,,0.0
feedforward,127,zero,actual,value_head,1.9459091424942017,0.0,9.99999993922529e-09,0.0,0.0,0.0,0.0,0.0,,,,,,,,,,,
feedforward,127,zero,synthetic_all_zero,all,1.9459091424942017,0.0,9.99999993922529e-09,0.0,0.0,0.0,8.386002326638936e-06,0.0,,,,,,,,,,,0.0
feedforward,127,zero,synthetic_all_zero,shared_trunk,1.9459091424942017,0.0,9.99999993922529e-09,0.0,0.0,0.0,3.2462345953912726e-07,0.0,,,,,,,,,,,0.0
feedforward,127,zero,synthetic_all_zero,actor_head,1.9459091424942017,0.0,9.99999993922529e-09,0.0,0.0,0.0,8.379716858695784e-06,0.0,,,,,,,,,,,0.0
feedforward,127,zero,synthetic_all_zero,value_head,1.9459091424942017,0.0,9.99999993922529e-09,0.0,0.0,0.0,0.0,0.0,,,,,,,,,,,
fast_global,101,original,actual,all,1.9459092617034912,0.044036051637472456,0.04403606429696083,0.06409966928151392,0.002740674801256992,0.0028226971623480975,9.458931392993516e-06,0.045153988574702805,0.9960816135006242,0.99999999999997,-0.39546070160177815,0.009387189795363723,0.9960816087548517,-0.405108178071574,0.009053636070862852,-0.39546073816057314,0.009387189259802245,-0.004208751437971484,6776.629052304393
fast_global,101,original,actual,shared_trunk,1.9459092617034912,0.044036051637472456,0.04403606429696083,0.0021073835691304385,9.020005831955815e-05,9.28008763370434e-05,3.0854962022731097e-07,0.0434664612280501,0.9952805929148391,0.9999999999999538,-0.30093874792078285,0.2966126252024038,0.9952805920733072,-0.32287421935368665,0.28576929032460047,-0.30093876701588845,0.2966126151772685,-0.13403313377120527,6829.966498023599
fast_global,101,original,actual,actor_head,1.9459092617034912,0.044036051637472456,0.04403606429696083,0.06406501804020671,0.002739190083897829,0.002821171258126504,9.45389762104582e-06,0.0,0.996082481773263,0.9999999999999705,-0.3955621920908962,,0.9960824770232669,-0.40519657452349134,,-0.39556222866600077,,,6776.572013810282
fast_global,101,original,actual,value_head,1.9459092617034912,0.044036051637472456,0.04403606429696083,0.0,0.0,0.0,0.0,0.012229040539421287,,,,,,,,,,,
fast_global,101,original,synthetic_all_zero,all,1.9459092617034912,0.044036051637472456,0.04403606429696083,0.06409966928151392,0.002740674801256992,0.0028226971623480975,9.458931392993516e-06,0.045153988574702805,0.9960816135006242,0.99999999999997,-0.39546070160177815,0.009387189795363723,0.9960816087548517,-0.405108178071574,0.009053636070862852,-0.39546073816057314,0.009387189259802245,-0.004208751437971484,6776.629052304393
fast_global,101,original,synthetic_all_zero,shared_trunk,1.9459092617034912,0.044036051637472456,0.04403606429696083,0.0021073835691304385,9.020005831955815e-05,9.28008763370434e-05,3.0854962022731097e-07,0.0434664612280501,0.9952805929148391,0.9999999999999538,-0.30093874792078285,0.2966126252024038,0.9952805920733072,-0.32287421935368665,0.28576929032460047,-0.30093876701588845,0.2966126151772685,-0.13403313377120527,6829.966498023599
fast_global,101,original,synthetic_all_zero,actor_head,1.9459092617034912,0.044036051637472456,0.04403606429696083,0.06406501804020671,0.002739190083897829,0.002821171258126504,9.45389762104582e-06,0.0,0.996082481773263,0.9999999999999705,-0.3955621920908962,,0.9960824770232669,-0.40519657452349134,,-0.39556222866600077,,,6776.572013810282
fast_global,101,original,synthetic_all_zero,value_head,1.9459092617034912,0.044036051637472456,0.04403606429696083,0.0,0.0,0.0,0.0,0.012229040539421287,,,,,,,,,,,
fast_global,101,zero,actual,all,1.9459092617034912,0.0,9.99999993922529e-09,0.0,0.0,0.0,9.458931392993516e-06,0.0,,,,,,,,,,,0.0
fast_global,101,zero,actual,shared_trunk,1.9459092617034912,0.0,9.99999993922529e-09,0.0,0.0,0.0,3.0854962022731097e-07,0.0,,,,,,,,,,,0.0
fast_global,101,zero,actual,actor_head,1.9459092617034912,0.0,9.99999993922529e-09,0.0,0.0,0.0,9.45389762104582e-06,0.0,,,,,,,,,,,0.0
fast_global,101,zero,actual,value_head,1.9459092617034912,0.0,9.99999993922529e-09,0.0,0.0,0.0,0.0,0.0,,,,,,,,,,,
fast_global,101,zero,synthetic_all_zero,all,1.9459092617034912,0.0,9.99999993922529e-09,0.0,0.0,0.0,9.458931392993516e-06,0.0,,,,,,,,,,,0.0
fast_global,101,zero,synthetic_all_zero,shared_trunk,1.9459092617034912,0.0,9.99999993922529e-09,0.0,0.0,0.0,3.0854962022731097e-07,0.0,,,,,,,,,,,0.0
fast_global,101,zero,synthetic_all_zero,actor_head,1.9459092617034912,0.0,9.99999993922529e-09,0.0,0.0,0.0,9.45389762104582e-06,0.0,,,,,,,,,,,0.0
fast_global,101,zero,synthetic_all_zero,value_head,1.9459092617034912,0.0,9.99999993922529e-09,0.0,0.0,0.0,0.0,0.0,,,,,,,,,,,
fast_global,113,original,actual,all,1.945908546447754,0.07372622120575525,0.07372622936964035,0.05064439092939494,0.0038377321592053884,0.0037338200447671064,1.0809987423772722e-05,0.14568551584140546,0.9825734904716483,0.9999999999999705,-0.5796135911829019,0.003940300435984621,0.9825734860981025,-0.5854985063275708,0.0030711816830776193,-0.5796136104058882,0.003940299352449565,0.007958163206112687,4684.962983215005
fast_global,113,original,actual,shared_trunk,1.945908546447754,0.07372622120575525,0.07372622936964035,0.0020230982121206146,0.00015376386851736982,0.0001491554014221246,4.3221114361812086e-07,0.14069392455481175,0.9852899560633526,0.9999999999999492,-0.4336358604470318,0.10213738978126137,0.9852899565972147,-0.44110366241654175,0.07937192356199795,-0.4336358903575084,0.10213736437319568,0.2061024251379624,4680.80992818667
fast_global,113,original,actual,actor_head,1.945908546447754,0.07372622120575525,0.07372622936964035,0.05060396630930713,0.0038346505445135157,0.003730839690060572,1.080134351039059e-05,0.0,0.9825691427060238,0.9999999999999706,-0.5798471186010106,,0.9825691383248468,-0.5857301936307353,,-0.5798471378007863,,,4684.969629993484
fast_global,113,original,actual,value_head,1.945908546447754,0.07372622120575525,0.07372622936964035,0.0,0.0,0.0,0.0,0.03780858525971772,,,,,,,,,,,
fast_global,113,original,synthetic_all_zero,all,1.945908546447754,0.07372622120575525,0.07372622936964035,0.05064439092939494,0.0038377321592053884,0.0037338200447671064,1.0809987423772722e-05,0.14568551584140546,0.9825734904716483,0.9999999999999705,-0.5796135911829019,0.003940300435984621,0.9825734860981025,-0.5854985063275708,0.0030711816830776193,-0.5796136104058882,0.003940299352449565,0.007958163206112687,4684.962983215005
fast_global,113,original,synthetic_all_zero,shared_trunk,1.945908546447754,0.07372622120575525,0.07372622936964035,0.0020230982121206146,0.00015376386851736982,0.0001491554014221246,4.3221114361812086e-07,0.14069392455481175,0.9852899560633526,0.9999999999999492,-0.4336358604470318,0.10213738978126137,0.9852899565972147,-0.44110366241654175,0.07937192356199795,-0.4336358903575084,0.10213736437319568,0.2061024251379624,4680.80992818667
fast_global,113,original,synthetic_all_zero,actor_head,1.945908546447754,0.07372622120575525,0.07372622936964035,0.05060396630930713,0.0038346505445135157,0.003730839690060572,1.080134351039059e-05,0.0,0.9825691427060238,0.9999999999999706,-0.5798471186010106,,0.9825691383248468,-0.5857301936307353,,-0.5798471378007863,,,4684.969629993484
fast_global,113,original,synthetic_all_zero,value_head,1.945908546447754,0.07372622120575525,0.07372622936964035,0.0,0.0,0.0,0.0,0.03780858525971772,,,,,,,,,,,
fast_global,113,zero,actual,all,1.945908546447754,0.0,9.99999993922529e-09,0.0,0.0,0.0,1.0809987423772722e-05,0.0,,,,,,,,,,,0.0
fast_global,113,zero,actual,shared_trunk,1.945908546447754,0.0,9.99999993922529e-09,0.0,0.0,0.0,4.3221114361812086e-07,0.0,,,,,,,,,,,0.0
fast_global,113,zero,actual,actor_head,1.945908546447754,0.0,9.99999993922529e-09,0.0,0.0,0.0,1.080134351039059e-05,0.0,,,,,,,,,,,0.0
fast_global,113,zero,actual,value_head,1.945908546447754,0.0,9.99999993922529e-09,0.0,0.0,0.0,0.0,0.0,,,,,,,,,,,
fast_global,113,zero,synthetic_all_zero,all,1.945908546447754,0.0,9.99999993922529e-09,0.0,0.0,0.0,1.0809987423772722e-05,0.0,,,,,,,,,,,0.0
fast_global,113,zero,synthetic_all_zero,shared_trunk,1.945908546447754,0.0,9.99999993922529e-09,0.0,0.0,0.0,4.3221114361812086e-07,0.0,,,,,,,,,,,0.0
fast_global,113,zero,synthetic_all_zero,actor_head,1.945908546447754,0.0,9.99999993922529e-09,0.0,0.0,0.0,1.080134351039059e-05,0.0,,,,,,,,,,,0.0
fast_global,113,zero,synthetic_all_zero,value_head,1.945908546447754,0.0,9.99999993922529e-09,0.0,0.0,0.0,0.0,0.0,,,,,,,,,,,
fast_global,127,original,actual,all,1.9459072351455688,0.044778701163903506,0.04477871209383011,0.07208739517224069,0.003299954995675901,0.003227980745688363,1.7901626279112653e-05,0.18690804692789995,0.8320326912461428,0.999999999999969,0.547951729536631,0.008242551878219892,0.8320326751046516,0.2514096696136596,0.006342286093022004,0.547951726005197,0.008242551927101317,0.005565760175160709,4026.862925652245
fast_global,127,original,actual,shared_trunk,1.9459072351455688,0.044778701163903506,0.04477871209383011,0.0024645959420292406,0.00011509912201583044,0.00011036143752311323,5.258729133893006e-07,0.17976629233214758,0.8564807071649467,0.999999999999934,0.48481461894594713,0.25066576936261964,0.8564807113406732,0.2886008643510951,0.18906083562346,0.48481465119062445,0.2506657610271297,0.1969953213363436,4686.675961582974
fast_global,127,original,actual,actor_head,1.9459072351455688,0.044778701163903506,0.04477871209383011,0.0720452518182935,0.003297947113826647,0.0032260936204088456,1.7893900667992434e-05,0.0,0.8320037012477272,0.9999999999999682,0.5480215645612259,,0.8320036850800586,0.2513753390567933,,0.5480215609998139,,,4026.246325775343
fast_global,127,original,actual,value_head,1.9459072351455688,0.044778701163903506,0.04477871209383011,0.0,0.0,0.0,0.0,0.051173217092097205,,,,,,,,,,,
fast_global,127,original,synthetic_all_zero,all,1.9459072351455688,0.044778701163903506,0.04477871209383011,0.07208739517224069,0.003299954995675901,0.003227980745688363,1.7901626279112653e-05,0.18690804692789995,0.8320326912461428,0.999999999999969,0.547951729536631,0.008242551878219892,0.8320326751046516,0.2514096696136596,0.006342286093022004,0.547951726005197,0.008242551927101317,0.005565760175160709,4026.862925652245
fast_global,127,original,synthetic_all_zero,shared_trunk,1.9459072351455688,0.044778701163903506,0.04477871209383011,0.0024645959420292406,0.00011509912201583044,0.00011036143752311323,5.258729133893006e-07,0.17976629233214758,0.8564807071649467,0.999999999999934,0.48481461894594713,0.25066576936261964,0.8564807113406732,0.2886008643510951,0.18906083562346,0.48481465119062445,0.2506657610271297,0.1969953213363436,4686.675961582974
fast_global,127,original,synthetic_all_zero,actor_head,1.9459072351455688,0.044778701163903506,0.04477871209383011,0.0720452518182935,0.003297947113826647,0.0032260936204088456,1.7893900667992434e-05,0.0,0.8320037012477272,0.9999999999999682,0.5480215645612259,,0.8320036850800586,0.2513753390567933,,0.5480215609998139,,,4026.246325775343
fast_global,127,original,synthetic_all_zero,value_head,1.9459072351455688,0.044778701163903506,0.04477871209383011,0.0,0.0,0.0,0.0,0.051173217092097205,,,,,,,,,,,
fast_global,127,zero,actual,all,1.9459072351455688,0.0,9.99999993922529e-09,0.0,0.0,0.0,1.7901626279112653e-05,0.0,,,,,,,,,,,0.0
fast_global,127,zero,actual,shared_trunk,1.9459072351455688,0.0,9.99999993922529e-09,0.0,0.0,0.0,5.258729133893006e-07,0.0,,,,,,,,,,,0.0
fast_global,127,zero,actual,actor_head,1.9459072351455688,0.0,9.99999993922529e-09,0.0,0.0,0.0,1.7893900667992434e-05,0.0,,,,,,,,,,,0.0
fast_global,127,zero,actual,value_head,1.9459072351455688,0.0,9.99999993922529e-09,0.0,0.0,0.0,0.0,0.0,,,,,,,,,,,
fast_global,127,zero,synthetic_all_zero,all,1.9459072351455688,0.0,9.99999993922529e-09,0.0,0.0,0.0,1.7901626279112653e-05,0.0,,,,,,,,,,,0.0
fast_global,127,zero,synthetic_all_zero,shared_trunk,1.9459072351455688,0.0,9.99999993922529e-09,0.0,0.0,0.0,5.258729133893006e-07,0.0,,,,,,,,,,,0.0
fast_global,127,zero,synthetic_all_zero,actor_head,1.9459072351455688,0.0,9.99999993922529e-09,0.0,0.0,0.0,1.7893900667992434e-05,0.0,,,,,,,,,,,0.0
fast_global,127,zero,synthetic_all_zero,value_head,1.9459072351455688,0.0,9.99999993922529e-09,0.0,0.0,0.0,0.0,0.0,,,,,,,,,,,
fast_selective,101,original,actual,all,1.9459092617034912,0.044036051637472456,0.04403606429696083,0.06409966928852844,0.002740674801543371,0.0028226971626569885,9.458931393375826e-06,0.04515399128461819,0.9960816134983739,0.9999999999999699,-0.3954607016247214,0.009387193207215224,0.9960816087526017,-0.40510817807794436,0.009053638914050312,-0.3954607381835167,0.009387192671656868,-0.004208753903073246,6776.629052772071
fast_selective,101,original,actual,shared_trunk,1.9459092617034912,0.044036051637472456,0.04403606429696083,0.0021073837824884005,9.020006702100326e-05,9.280088573249704e-05,3.0854963194742904e-07,0.04346646404317433,0.9952805909888369,0.9999999999999535,-0.30093878267251795,0.296612701602141,0.9952805901472873,-0.32287423655713343,0.28576935117171487,-0.30093880176766613,0.2966126915770793,-0.1340332065530665,6829.966930077098
fast_selective,101,original,actual,actor_head,1.9459092617034912,0.044036051637472456,0.04403606429696083,0.06406501804020671,0.002739190083897829,0.002821171258126504,9.45389762104582e-06,0.0,0.996082481773263,0.9999999999999705,-0.3955621920908962,,0.9960824770232669,-0.40519657452349134,,-0.39556222866600077,,,6776.572013810282
fast_selective,101,original,actual,value_head,1.9459092617034912,0.044036051637472456,0.04403606429696083,0.0,0.0,0.0,0.0,0.012229040539421287,,,,,,,,,,,
fast_selective,101,original,synthetic_all_zero,all,1.9459092617034912,0.044036051637472456,0.04403606429696083,0.06409966928852844,0.002740674801543371,0.0028226971626569885,9.458931393375826e-06,0.04515399128461819,0.9960816134983739,0.9999999999999699,-0.3954607016247214,0.009387193207215224,0.9960816087526017,-0.40510817807794436,0.009053638914050312,-0.3954607381835167,0.009387192671656868,-0.004208753903073246,6776.629052772071
fast_selective,101,original,synthetic_all_zero,shared_trunk,1.9459092617034912,0.044036051637472456,0.04403606429696083,0.0021073837824884005,9.020006702100326e-05,9.280088573249704e-05,3.0854963194742904e-07,0.04346646404317433,0.9952805909888369,0.9999999999999535,-0.30093878267251795,0.296612701602141,0.9952805901472873,-0.32287423655713343,0.28576935117171487,-0.30093880176766613,0.2966126915770793,-0.1340332065530665,6829.966930077098
fast_selective,101,original,synthetic_all_zero,actor_head,1.9459092617034912,0.044036051637472456,0.04403606429696083,0.06406501804020671,0.002739190083897829,0.002821171258126504,9.45389762104582e-06,0.0,0.996082481773263,0.9999999999999705,-0.3955621920908962,,0.9960824770232669,-0.40519657452349134,,-0.39556222866600077,,,6776.572013810282
fast_selective,101,original,synthetic_all_zero,value_head,1.9459092617034912,0.044036051637472456,0.04403606429696083,0.0,0.0,0.0,0.0,0.012229040539421287,,,,,,,,,,,
fast_selective,101,zero,actual,all,1.9459092617034912,0.0,9.99999993922529e-09,0.0,0.0,0.0,9.458931393375826e-06,0.0,,,,,,,,,,,0.0
fast_selective,101,zero,actual,shared_trunk,1.9459092617034912,0.0,9.99999993922529e-09,0.0,0.0,0.0,3.0854963194742904e-07,0.0,,,,,,,,,,,0.0
fast_selective,101,zero,actual,actor_head,1.9459092617034912,0.0,9.99999993922529e-09,0.0,0.0,0.0,9.45389762104582e-06,0.0,,,,,,,,,,,0.0
fast_selective,101,zero,actual,value_head,1.9459092617034912,0.0,9.99999993922529e-09,0.0,0.0,0.0,0.0,0.0,,,,,,,,,,,
fast_selective,101,zero,synthetic_all_zero,all,1.9459092617034912,0.0,9.99999993922529e-09,0.0,0.0,0.0,9.458931393375826e-06,0.0,,,,,,,,,,,0.0
fast_selective,101,zero,synthetic_all_zero,shared_trunk,1.9459092617034912,0.0,9.99999993922529e-09,0.0,0.0,0.0,3.0854963194742904e-07,0.0,,,,,,,,,,,0.0
fast_selective,101,zero,synthetic_all_zero,actor_head,1.9459092617034912,0.0,9.99999993922529e-09,0.0,0.0,0.0,9.45389762104582e-06,0.0,,,,,,,,,,,0.0
fast_selective,101,zero,synthetic_all_zero,value_head,1.9459092617034912,0.0,9.99999993922529e-09,0.0,0.0,0.0,0.0,0.0,,,,,,,,,,,
fast_selective,113,original,actual,all,1.945908546447754,0.07372622120575525,0.07372622936964035,0.0506443909448463,0.003837732160508417,0.0037338200459062763,1.0809987429893169e-05,0.14568553619748434,0.9825734904419264,0.9999999999999706,-0.5796135912465676,0.00394030316817973,0.9825734860683809,-0.5854985062072451,0.0030711814531627244,-0.5796136104695531,0.0039403020846282355,0.007958147145290547,4684.962981991812
fast_selective,113,original,actual,shared_trunk,1.945908546447754,0.07372622120575525,0.07372622936964035,0.0020230985989158684,0.00015376390103913185,0.00014915542993906145,4.322112966959449e-07,0.14069394563309104,0.9852899364607984,0.9999999999999488,-0.43363598000285836,0.10213744007603173,0.9852899369948058,-0.44110366881178553,0.07937190005859034,-0.4336360099128151,0.10213741466755953,0.2061019342320832,4680.809165289107
fast_selective,113,original,actual,actor_head,1.945908546447754,0.07372622120575525,0.07372622936964035,0.05060396630930713,0.0038346505445135157,0.003730839690060572,1.080134351039059e-05,0.0,0.9825691427060238,0.9999999999999706,-0.5798471186010106,,0.9825691383248468,-0.5857301936307353,,-0.5798471378007863,,,4684.969629993484
fast_selective,113,original,actual,value_head,1.945908546447754,0.07372622120575525,0.07372622936964035,0.0,0.0,0.0,0.0,0.03780858525971772,,,,,,,,,,,
fast_selective,113,original,synthetic_all_zero,all,1.945908546447754,0.07372622120575525,0.07372622936964035,0.0506443909448463,0.003837732160508417,0.0037338200459062763,1.0809987429893169e-05,0.14568553619748434,0.9825734904419264,0.9999999999999706,-0.5796135912465676,0.00394030316817973,0.9825734860683809,-0.5854985062072451,0.0030711814531627244,-0.5796136104695531,0.0039403020846282355,0.007958147145290547,4684.962981991812
fast_selective,113,original,synthetic_all_zero,shared_trunk,1.945908546447754,0.07372622120575525,0.07372622936964035,0.0020230985989158684,0.00015376390103913185,0.00014915542993906145,4.322112966959449e-07,0.14069394563309104,0.9852899364607984,0.9999999999999488,-0.43363598000285836,0.10213744007603173,0.9852899369948058,-0.44110366881178553,0.07937190005859034,-0.4336360099128151,0.10213741466755953,0.2061019342320832,4680.809165289107
fast_selective,113,original,synthetic_all_zero,actor_head,1.945908546447754,0.07372622120575525,0.07372622936964035,0.05060396630930713,0.0038346505445135157,0.003730839690060572,1.080134351039059e-05,0.0,0.9825691427060238,0.9999999999999706,-0.5798471186010106,,0.9825691383248468,-0.5857301936307353,,-0.5798471378007863,,,4684.969629993484
fast_selective,113,original,synthetic_all_zero,value_head,1.945908546447754,0.07372622120575525,0.07372622936964035,0.0,0.0,0.0,0.0,0.03780858525971772,,,,,,,,,,,
fast_selective,113,zero,actual,all,1.945908546447754,0.0,9.99999993922529e-09,0.0,0.0,0.0,1.0809987429893169e-05,0.0,,,,,,,,,,,0.0
fast_selective,113,zero,actual,shared_trunk,1.945908546447754,0.0,9.99999993922529e-09,0.0,0.0,0.0,4.322112966959449e-07,0.0,,,,,,,,,,,0.0
fast_selective,113,zero,actual,actor_head,1.945908546447754,0.0,9.99999993922529e-09,0.0,0.0,0.0,1.080134351039059e-05,0.0,,,,,,,,,,,0.0
fast_selective,113,zero,actual,value_head,1.945908546447754,0.0,9.99999993922529e-09,0.0,0.0,0.0,0.0,0.0,,,,,,,,,,,
fast_selective,113,zero,synthetic_all_zero,all,1.945908546447754,0.0,9.99999993922529e-09,0.0,0.0,0.0,1.0809987429893169e-05,0.0,,,,,,,,,,,0.0
fast_selective,113,zero,synthetic_all_zero,shared_trunk,1.945908546447754,0.0,9.99999993922529e-09,0.0,0.0,0.0,4.322112966959449e-07,0.0,,,,,,,,,,,0.0
fast_selective,113,zero,synthetic_all_zero,actor_head,1.945908546447754,0.0,9.99999993922529e-09,0.0,0.0,0.0,1.080134351039059e-05,0.0,,,,,,,,,,,0.0
fast_selective,113,zero,synthetic_all_zero,value_head,1.945908546447754,0.0,9.99999993922529e-09,0.0,0.0,0.0,0.0,0.0,,,,,,,,,,,
fast_selective,127,original,actual,all,1.9459072351455688,0.044778701163903506,0.04477871209383011,0.07208739517692234,0.003299954996339583,0.003227980745898002,1.7901626289355544e-05,0.186908123705117,0.832032691156195,0.9999999999999692,0.5479517290780365,0.008242549622760125,0.8320326750147037,0.25140966882161786,0.006342298602195897,0.5479517255466022,0.008242549671639367,0.005565728198581243,4026.862923609689
fast_selective,127,original,actual,shared_trunk,1.9459072351455688,0.044778701163903506,0.04477871209383011,0.0024645960789640427,0.00011509914104395458,0.00011036144365487268,5.258732620750246e-07,0.17976637215956828,0.8564806281970254,0.9999999999999336,0.4848141615362306,0.2506656785166442,0.8564806323727208,0.28860004199845757,0.18906117100586067,0.48481419378102064,0.25066567018110253,0.19699405248901855,4686.673114428904
fast_selective,127,original,actual,actor_head,1.9459072351455688,0.044778701163903506,0.04477871209383011,0.0720452518182935,0.003297947113826647,0.0032260936204088456,1.7893900667992434e-05,0.0,0.8320037012477272,0.9999999999999682,0.5480215645612259,,0.8320036850800586,0.2513753390567933,,0.5480215609998139,,,4026.246325775343
fast_selective,127,original,actual,value_head,1.9459072351455688,0.044778701163903506,0.04477871209383011,0.0,0.0,0.0,0.0,0.051173217092097205,,,,,,,,,,,
fast_selective,127,original,synthetic_all_zero,all,1.9459072351455688,0.044778701163903506,0.04477871209383011,0.07208739517692234,0.003299954996339583,0.003227980745898002,1.7901626289355544e-05,0.186908123705117,0.832032691156195,0.9999999999999692,0.5479517290780365,0.008242549622760125,0.8320326750147037,0.25140966882161786,0.006342298602195897,0.5479517255466022,0.008242549671639367,0.005565728198581243,4026.862923609689
fast_selective,127,original,synthetic_all_zero,shared_trunk,1.9459072351455688,0.044778701163903506,0.04477871209383011,0.0024645960789640427,0.00011509914104395458,0.00011036144365487268,5.258732620750246e-07,0.17976637215956828,0.8564806281970254,0.9999999999999336,0.4848141615362306,0.2506656785166442,0.8564806323727208,0.28860004199845757,0.18906117100586067,0.48481419378102064,0.25066567018110253,0.19699405248901855,4686.673114428904
fast_selective,127,original,synthetic_all_zero,actor_head,1.9459072351455688,0.044778701163903506,0.04477871209383011,0.0720452518182935,0.003297947113826647,0.0032260936204088456,1.7893900667992434e-05,0.0,0.8320037012477272,0.9999999999999682,0.5480215645612259,,0.8320036850800586,0.2513753390567933,,0.5480215609998139,,,4026.246325775343
fast_selective,127,original,synthetic_all_zero,value_head,1.9459072351455688,0.044778701163903506,0.04477871209383011,0.0,0.0,0.0,0.0,0.051173217092097205,,,,,,,,,,,
fast_selective,127,zero,actual,all,1.9459072351455688,0.0,9.99999993922529e-09,0.0,0.0,0.0,1.7901626289355544e-05,0.0,,,,,,,,,,,0.0
fast_selective,127,zero,actual,shared_trunk,1.9459072351455688,0.0,9.99999993922529e-09,0.0,0.0,0.0,5.258732620750246e-07,0.0,,,,,,,,,,,0.0
fast_selective,127,zero,actual,actor_head,1.9459072351455688,0.0,9.99999993922529e-09,0.0,0.0,0.0,1.7893900667992434e-05,0.0,,,,,,,,,,,0.0
fast_selective,127,zero,actual,value_head,1.9459072351455688,0.0,9.99999993922529e-09,0.0,0.0,0.0,0.0,0.0,,,,,,,,,,,
fast_selective,127,zero,synthetic_all_zero,all,1.9459072351455688,0.0,9.99999993922529e-09,0.0,0.0,0.0,1.7901626289355544e-05,0.0,,,,,,,,,,,0.0
fast_selective,127,zero,synthetic_all_zero,shared_trunk,1.9459072351455688,0.0,9.99999993922529e-09,0.0,0.0,0.0,5.258732620750246e-07,0.0,,,,,,,,,,,0.0
fast_selective,127,zero,synthetic_all_zero,actor_head,1.9459072351455688,0.0,9.99999993922529e-09,0.0,0.0,0.0,1.7893900667992434e-05,0.0,,,,,,,,,,,0.0
fast_selective,127,zero,synthetic_all_zero,value_head,1.9459072351455688,0.0,9.99999993922529e-09,0.0,0.0,0.0,0.0,0.0,,,,,,,,,,,
