fit,epoch,gradient_norm,kl_nats,loss,observation_mse,reward_mse,rollout_observation_mse,rollout_reward_mse,valid_observation_targets,valid_rollout_starts
free-271,1,2.503064571569363,0.0,1.9816552499930065,0.4437581884364287,0.21680360473692417,0.4541022256016731,0.22181576831887165,1216.0,1088.0
free-271,2,1.2231405824422836,0.0,1.635476638873418,0.3232659939676523,0.18632408852378526,0.3735264067848523,0.1900755393629273,1216.0,1088.0
free-271,3,1.1740692282716434,0.0,1.3847189669807751,0.17324686547120413,0.18053750724842152,0.24495540807644525,0.18342219137897095,1216.0,1088.0
free-271,4,1.1353996110459168,0.0,1.229476511478424,0.09499460893372695,0.17429726415624222,0.16973028456171355,0.17621385181943575,1216.0,1088.0
free-271,5,1.1699127455552418,0.0,1.1175123403469722,0.06071125312397877,0.16499162279069424,0.12848452230294546,0.16629617226620516,1216.0,1088.0
free-271,6,1.190623660882314,0.0,1.0427229131261508,0.05463098222389817,0.15464156648765007,0.11988221326222022,0.15479228304078183,1216.0,1088.0
free-271,7,1.2263323441147804,0.0,0.9535005713502566,0.04793034493923187,0.1416445868089795,0.11119717763115962,0.1416966455678145,1216.0,1088.0
free-271,8,2.1358676527937255,0.0,0.8364991235236326,0.04570059338584542,0.12240216151500742,0.10782895827045043,0.1236377024712662,1216.0,1088.0
free-271,9,2.378259984155496,0.0,0.604534175246954,0.04172295588068664,0.08424941481401522,0.10397548880428076,0.08691290393471718,1216.0,1088.0
free-271,10,1.7940682396292686,0.0,0.4631458098689715,0.03861813472273449,0.061362955486401916,0.10029660196353991,0.06446377498408158,1216.0,1088.0
free-271,11,0.8656815203527609,0.0,0.3675060737878084,0.036386361345648766,0.046135534842809044,0.09666834957897663,0.049121699606378876,1216.0,1088.0
free-271,12,0.838000855098168,0.0,0.30885908255974454,0.034643320056299366,0.03710794301393131,0.09379654377698898,0.0394428598228842,1216.0,1088.0
free-271,13,0.5623628509541353,0.0,0.2632786271472772,0.03308174922131002,0.03017788923655947,0.09123632715394099,0.03193357726559043,1216.0,1088.0
free-271,14,0.7671721701820692,0.0,0.2262036477526029,0.031651608956356846,0.024546596338041127,0.08899400228013594,0.025934327432575326,1216.0,1088.0
free-271,15,0.5858711960415045,0.0,0.19597986061125994,0.030236481145645182,0.020046134091292817,0.08666293369606137,0.02111368680683275,1216.0,1088.0
free-271,16,0.5455310307443142,0.0,0.17290419650574526,0.029018746378521126,0.01658764035285761,0.0848301670824488,0.017559903712632757,1216.0,1088.0
free-271,17,0.5662584391733011,0.0,0.1551254059498509,0.027974462291846674,0.013966479222290218,0.08308809871474902,0.014870488472903768,1216.0,1088.0
free-271,18,0.5366951090594133,0.0,0.14181192250301441,0.026951894552136462,0.012081547640264034,0.08140007359907031,0.012916899790676931,1216.0,1088.0
free-271,19,0.706892711420854,0.0,0.13247302174568176,0.025957282399758697,0.010814744300053766,0.07983902826284368,0.01166862336685881,1216.0,1088.0
free-271,20,0.7634029276669025,0.0,0.12421898047129314,0.025131675104300182,0.009668301092460752,0.07841598878925045,0.010603052796795964,1216.0,1088.0
free-271,21,0.6942032855004072,0.0,0.11760125309228897,0.024261363704378407,0.008802234525016198,0.0770564681539933,0.009801358702437332,1216.0,1088.0
free-271,22,0.8826828363041083,0.0,0.11323766658703487,0.023524795503666002,0.008301522175315768,0.0758845101421078,0.009282263597318282,1216.0,1088.0
free-271,23,1.0351090108354886,0.0,0.11120166939993699,0.022834858624264598,0.008219753877104571,0.07463810437669356,0.009084371170805147,1216.0,1088.0
free-271,24,0.7949387977520624,0.0,0.10528129898011684,0.022147791033300262,0.0074257391776579125,0.07354040102412303,0.008330175400866816,1216.0,1088.0
free-271,25,0.4849454512198766,0.0,0.10068639119466145,0.02158371052549531,0.006833828655847658,0.07250806860004862,0.007756665271396439,1216.0,1088.0
free-271,26,0.573031347244978,0.0,0.09880485075215499,0.021060746318350237,0.006717419271202137,0.07155112192655604,0.00754943360031272,1216.0,1088.0
free-271,27,0.5827181662122408,0.0,0.09624700248241425,0.02061973170687755,0.006412846172073235,0.07062609416122238,0.007331419697341819,1216.0,1088.0
free-271,28,0.4399064431587855,0.0,0.09434906952083111,0.020160547574050725,0.006292367140607287,0.06978611058245103,0.007062998639109234,1216.0,1088.0
free-271,29,0.6613858311126629,0.0,0.0932333068922162,0.019826929667033255,0.006235646045145889,0.0689435334255298,0.006996013321137677,1216.0,1088.0
free-271,30,0.5037707133839527,0.0,0.09111676706622045,0.01938502653501928,0.006044592262090494,0.06813764153048396,0.006742275843862444,1216.0,1088.0
free-271,31,0.7277961627890667,0.0,0.09081415350859363,0.019074665654140215,0.00614412819656233,0.06737216236069798,0.006738446497668822,1216.0,1088.0
free-271,32,0.4775305911898613,0.0,0.08830423218508561,0.01872396469116211,0.005830807223295172,0.06663187267258763,0.006470551442665358,1216.0,1088.0
free-271,33,0.48531725568075973,0.0,0.08706646195302407,0.01845501766850551,0.005739625446343173,0.06588963155324261,0.0063540628567958874,1216.0,1088.0
free-271,34,0.8942016487320265,0.0,0.08857985058178504,0.018230623138758045,0.006126408775647481,0.0652677402831614,0.006604860944207758,1216.0,1088.0
free-271,35,0.5474892401446899,0.0,0.08493267589559157,0.017965189336488645,0.005584857096740355,0.0646344715108474,0.006155411130748689,1216.0,1088.0
free-271,36,0.668634569272399,0.0,0.08470172978316744,0.01779224428658684,0.005654244732189302,0.06413562751064698,0.006112346425652504,1216.0,1088.0
free-271,37,0.5807463116943836,0.0,0.08400984263668458,0.017524868831969798,0.0056287472834810615,0.06346240111937125,0.006119392327188204,1216.0,1088.0
free-271,38,0.70331921428442,0.0,0.08298689716806014,0.01730982124960671,0.005558559282993277,0.06290245630467932,0.005995805278265228,1216.0,1088.0
free-271,39,0.5937463355561098,0.0,0.082143634557724,0.017141325942551095,0.005472200204773496,0.06242736506586274,0.005949912515158455,1216.0,1088.0
free-271,40,0.7962855789810419,0.0,0.08319308360417683,0.01692107824298243,0.005733612507659321,0.06190428199867407,0.006192707097701107,1216.0,1088.0
free-271,41,0.7974661805977424,0.0,0.08173463462541501,0.016711875214241445,0.005594959686277434,0.06135269192357858,0.005983287546162804,1216.0,1088.0
free-271,42,0.7120744809508324,0.0,0.08117405977100134,0.016564389574341476,0.005539007562523087,0.060883277716735996,0.006006000369476776,1216.0,1088.0
free-271,43,0.44221236432592076,0.0,0.0790813638207813,0.016362101460496586,0.005278539620727922,0.06037010555155575,0.00571002561870652,1216.0,1088.0
free-271,44,0.49727515565852326,0.0,0.0787729942239821,0.016154790452371042,0.005316515618081515,0.059822802897542715,0.0057203695566083,1216.0,1088.0
free-271,45,0.5753494836390018,0.0,0.07814167439937592,0.015984066335173946,0.005271045015736793,0.05938334157690406,0.00569087916907544,1216.0,1088.0
free-271,46,0.591600243623058,0.0,0.07804117848475774,0.015793958950477343,0.005343302444089204,0.05890680896118283,0.005710302716276298,1216.0,1088.0
free-271,47,0.6456765464196602,0.0,0.0773645310352246,0.015579652196417252,0.00530034084416305,0.05841721796120206,0.005687453298984717,1216.0,1088.0
free-271,48,0.5197134589155515,0.0,0.07608133538936575,0.01538817712571472,0.005142830612991626,0.05798029185583194,0.005565844437417884,1216.0,1088.0
residual-271,1,0.7791630222151676,0.0,0.7292260428269705,0.43210554743806523,0.01219270060149332,0.44723618154724437,0.012365803277740875,1216.0,1088.0
residual-271,2,0.4269830857714017,0.0,0.45615314443906146,0.24645087185005346,0.009491329547017813,0.30550280089179677,0.009492775755158315,1216.0,1088.0
residual-271,3,0.29001161145667237,0.0,0.24992954172194004,0.1115557976687948,0.008389114673870305,0.17556683967510858,0.00851693336153403,1216.0,1088.0
residual-271,4,0.24032282860328755,0.0,0.16072236901770035,0.05419447893897692,0.008142655754151443,0.11526723423351844,0.008161824778653681,1216.0,1088.0
residual-271,5,0.20689861724774042,0.0,0.13700625331451496,0.04043558853057524,0.007772533882719775,0.09981799932817619,0.007785764581058174,1216.0,1088.0
residual-271,6,0.18401791465779146,0.0,0.12558082987864813,0.03430635187154015,0.007576838290939729,0.09174812336762746,0.0075465316185727715,1216.0,1088.0
residual-271,7,0.18805149694283804,0.0,0.11809469107538462,0.030210411176085472,0.007419800929104288,0.08690650947391987,0.007375909830443561,1216.0,1088.0
residual-271,8,0.2383813001215458,0.0,0.11356340752293666,0.027530715024719637,0.007402219926007092,0.08337697728226583,0.007367662115332981,1216.0,1088.0
residual-271,9,0.27600036188960075,0.0,0.10975070980687936,0.02494949222697566,0.0074836237472482026,0.08006567088887095,0.007416944155314316,1216.0,1088.0
residual-271,10,0.21318342288335165,0.0,0.10467878046135108,0.023075864495088656,0.0071837524495398,0.07705521257594228,0.007170149901260932,1216.0,1088.0
residual-271,11,0.2612592289224267,0.0,0.10102237807586789,0.021537984216896195,0.007029857059630255,0.0747113567776978,0.007004643712813656,1216.0,1088.0
residual-271,12,0.21702066777894893,0.0,0.09728385508060455,0.020114108532046277,0.0068598538637161255,0.0721094321149091,0.006837807731547703,1216.0,1088.0
residual-271,13,0.21045604068785906,0.0,0.09415543762346108,0.019144478098799784,0.006680167299540092,0.07001516719659169,0.006641353965581705,1216.0,1088.0
residual-271,14,0.24336820313086113,0.0,0.09106808248907328,0.018320006512415905,0.006449362961575389,0.06810864449168245,0.006448151116880278,1216.0,1088.0
residual-271,15,0.23202232643961906,0.0,0.08803295654555161,0.017476596947138507,0.006233298995842536,0.06622981218000253,0.006254128452079992,1216.0,1088.0
residual-271,16,0.2691684157277147,0.0,0.08538735269879301,0.016842087148688734,0.006016556522808969,0.06470778693134586,0.006062572201093038,1216.0,1088.0
residual-271,17,0.37587589273850125,0.0,0.08385217810670535,0.016195490024983883,0.005988844728562981,0.06303443325062592,0.006092045669599126,1216.0,1088.0
residual-271,18,0.19390138300756612,0.0,0.07964822075640161,0.015582197345793247,0.005505600187461823,0.0614933172861735,0.0056484822028626995,1216.0,1088.0
residual-271,19,0.38368371191124123,0.0,0.07916387527560194,0.014991034986451268,0.005633293864472459,0.06005675516401728,0.005805643469405671,1216.0,1088.0
residual-271,20,0.3019252885133028,0.0,0.07618243061006069,0.01432059872119377,0.005390154585863153,0.058317423332482576,0.005571250891080126,1216.0,1088.0
residual-271,21,0.28592967707663774,0.0,0.07399238925427198,0.013795251375995576,0.005231644143350422,0.05674616410396993,0.005448739801067859,1216.0,1088.0
residual-271,22,0.5043346906701723,0.0,0.0747100580483675,0.013277289768060049,0.005575205655380462,0.05527897443001469,0.005746229726355523,1216.0,1088.0
residual-271,23,0.4609051030129194,0.0,0.07344983316337068,0.012886316631920636,0.005526685524576654,0.05410741580029329,0.005701533266498397,1216.0,1088.0
residual-271,24,0.23640335320184627,0.0,0.06950248964130878,0.012475374445784837,0.005042127876852949,0.05259274768953522,0.005281114756750564,1216.0,1088.0
residual-271,25,0.19343845608333746,0.0,0.06760626394922535,0.012041454203426838,0.004914939248313506,0.05114002937140564,0.005167519052823384,1216.0,1088.0
residual-271,26,0.2519424908484022,0.0,0.06670862948521972,0.011604477205158522,0.004949707644603525,0.04981869847203294,0.005197985980582113,1216.0,1088.0
residual-271,27,0.2721342357496421,0.0,0.06558641170461972,0.01137473655398935,0.004897970648016781,0.04867573160057267,0.0051409630686976016,1216.0,1088.0
residual-271,28,0.1857832238698999,0.0,0.06395236899455388,0.011030556653471043,0.0047600788238924,0.04758380547476312,0.005044797464506701,1216.0,1088.0
residual-271,29,0.3611287772655487,0.0,0.06405484008913238,0.010780588898342103,0.004910140026671191,0.04662304480249683,0.00516108416680557,1216.0,1088.0
residual-271,30,0.2867355855802695,0.0,0.06293419282883406,0.010716234295008084,0.004765054938616231,0.04617276508361101,0.005035678157582879,1216.0,1088.0
residual-271,31,0.32175194658339024,0.0,0.06217460675785939,0.010553177155088633,0.00474409997696057,0.045265349481875695,0.005006177544904252,1216.0,1088.0
residual-271,32,0.26032047253102064,0.0,0.06040755147114396,0.01001222189127778,0.004654918807015444,0.04376318375580013,0.004947030936212589,1216.0,1088.0
residual-271,33,0.2648775565127532,0.0,0.059437506987402834,0.009737391335268816,0.004625879160206144,0.04278839022542039,0.004901201978403454,1216.0,1088.0
residual-271,34,0.30816388688981533,0.0,0.05900007455299298,0.00955523643642664,0.004651751087900872,0.04203569896829625,0.004909991703849907,1216.0,1088.0
residual-271,35,0.25296944348762435,0.0,0.057203616481274366,0.009276992175728083,0.004503751969120155,0.04067572524460653,0.004786876854874815,1216.0,1088.0
residual-271,36,0.28641553471485776,0.0,0.05671947216615081,0.009111913425537447,0.004516499223730837,0.039930658182129264,0.004788116270598645,1216.0,1088.0
residual-271,37,0.312313253680865,0.0,0.055836168583482504,0.008737904330094656,0.004537310790813838,0.03861612764497598,0.0048204784883031,1216.0,1088.0
residual-271,38,0.24206514904896417,0.0,0.05357131579269966,0.008296326404282203,0.004369555477751419,0.036921383968243994,0.004668037814553827,1216.0,1088.0
residual-271,39,0.23025701629618803,0.0,0.052363592044760786,0.008013229448503504,0.004349281361404185,0.035351218500485025,0.004638813833783691,1216.0,1088.0
residual-271,40,0.321322251111269,0.0,0.05119852349162102,0.007663212522553901,0.004394612061635901,0.03318927933772405,0.004681112147712459,1216.0,1088.0
residual-271,41,0.28428799162308377,0.0,0.04882205308725437,0.0072228891658596694,0.004318361607147381,0.030231505826426048,0.004604982124874368,1216.0,1088.0
residual-271,42,0.3034269002576669,0.0,0.046687551153202854,0.006754416041076183,0.00429163096123375,0.027197933988645673,0.004583822252849738,1216.0,1088.0
residual-271,43,0.2424855629603068,0.0,0.0439448895243307,0.006193950665571417,0.004153177927946672,0.024526087373184662,0.004437591996975243,1216.0,1088.0
residual-271,44,0.2553353440016508,0.0,0.04233980023612579,0.005814720585476607,0.004124935978325084,0.022399211457620066,0.004412864916957915,1216.0,1088.0
residual-271,45,0.4135555687050025,0.0,0.04266107780858874,0.005648022022796795,0.004316315384736906,0.021189739927649498,0.004576461768010631,1216.0,1088.0
residual-271,46,0.37036976031959057,0.0,0.04125323169864714,0.005564606932845588,0.004165602974050368,0.020314976301354665,0.004434362257597968,1216.0,1088.0
residual-271,47,0.24203596729785204,0.0,0.0386205850324283,0.004903560523719837,0.00401314008437718,0.01808974794888248,0.0043097950498728705,1216.0,1088.0
residual-271,48,0.20498912843565145,0.0,0.03687049626993636,0.004520715350129952,0.0039219565417928,0.016465813115549583,0.004214524456377451,1216.0,1088.0
residual-283,1,0.529844052468737,0.0,0.7050603454311689,0.4219873311618964,0.01052575643795232,0.4393296241760254,0.010652589650514225,1216.0,1088.0
residual-283,2,0.4077211158970992,0.0,0.43041998396317166,0.2309433575719595,0.009192579639299462,0.28825974836945534,0.00928821659181267,1216.0,1088.0
residual-283,3,0.3777695242315531,0.0,0.2498417068272829,0.11179576721042395,0.008602952371196201,0.17253936361521482,0.008682224608492106,1216.0,1088.0
residual-283,4,0.26972281870742637,0.0,0.16803821052114168,0.05939336493611336,0.008148611930664629,0.11940976480642955,0.008172757593759647,1216.0,1088.0
residual-283,5,0.24636054007957378,0.0,0.13990035435805717,0.04229473082038263,0.007830715932262441,0.10116147777686517,0.00785101018846035,1216.0,1088.0
residual-283,6,0.21903530849764744,0.0,0.1273201216633121,0.03533896144169072,0.007571107397476832,0.0930861160159111,0.0075768364282945795,1216.0,1088.0
residual-283,7,0.208745615867277,0.0,0.11901652999222279,0.030815339492013056,0.007397719658911228,0.0875489901130398,0.007417908811476082,1216.0,1088.0
residual-283,8,0.22872125481565794,0.0,0.11279780697077513,0.02736739224443833,0.007304964839325597,0.08314578514546156,0.007318830719062437,1216.0,1088.0
residual-283,9,0.2674899796644847,0.0,0.10776350491990645,0.024766863129722577,0.007207620578507583,0.07943816451976697,0.0072235391902116435,1216.0,1088.0
residual-283,10,0.23646558510760465,0.0,0.10342738684266806,0.02266976679675281,0.0070886250856953366,0.07646346635495622,0.00708569345685343,1216.0,1088.0
residual-283,11,0.2811565749968092,0.0,0.09998501309504111,0.021245082762713235,0.006960731872823089,0.07383250740046303,0.006990374686817328,1216.0,1088.0
residual-283,12,0.4088923179854949,0.0,0.09790666975701849,0.020017979045708973,0.007024964938561122,0.07138720038346946,0.007047615227444719,1216.0,1088.0
residual-283,13,0.3343410377080242,0.0,0.0938863813256224,0.018981993043174345,0.006694460617533575,0.06924509365732472,0.006751999453020592,1216.0,1088.0
residual-283,14,0.30081738252192736,0.0,0.09111141071965297,0.018322661286219954,0.006470052408985794,0.06763974763453007,0.006544332912502189,1216.0,1088.0
residual-283,15,0.3226307878891627,0.0,0.08830649312585592,0.017541974627723295,0.006288579626319309,0.06567648782705267,0.006385978311300278,1216.0,1088.0
residual-283,16,0.2528302955130736,0.0,0.08508076844736934,0.016878833800243836,0.005969343687562893,0.06419974068800609,0.006112345319706947,1216.0,1088.0
residual-283,17,0.2166263312101364,0.0,0.08236228115856647,0.0162855617236346,0.005731249790793906,0.06262564628074567,0.005919448526886602,1216.0,1088.0
residual-283,18,0.3041667335977157,0.0,0.08034856695060928,0.015694946011838812,0.005622438834204028,0.06108370842412114,0.005811005791959663,1216.0,1088.0
residual-283,19,0.24734429735690355,0.0,0.07848725561052561,0.015231878069850305,0.005489084733805309,0.05974843601385752,0.00571241076492394,1216.0,1088.0
residual-283,20,0.3570322934538126,0.0,0.07688423059880733,0.014721160676951209,0.005444783911419411,0.05818454781547189,0.005645830029000838,1216.0,1088.0
residual-283,21,0.25510028035690385,0.0,0.07495253036419551,0.014282744416656593,0.005280446455193062,0.05703562482570609,0.005515093992774685,1216.0,1088.0
residual-283,22,0.30446104301760596,0.0,0.07330186618492007,0.013733557114998499,0.005224993345715727,0.05552751858097812,0.005452288421414171,1216.0,1088.0
residual-283,23,0.2425098648915688,0.0,0.07127563608810306,0.013253842868531743,0.005090339594365408,0.0539708222883443,0.0053375122758249445,1216.0,1088.0
residual-283,24,0.3067288203164935,0.0,0.07008780725300312,0.012604429192530612,0.005132188807086398,0.05245529992195467,0.005363486396769683,1216.0,1088.0
residual-283,25,0.4467616217831771,0.0,0.07024926894033949,0.012327123704987267,0.005274364162081231,0.051683539214233555,0.005491459703383346,1216.0,1088.0
residual-283,26,0.3901328307886918,0.0,0.0686449872640272,0.01195115823065862,0.005164032239311685,0.05055151631434759,0.005380971134097005,1216.0,1088.0
residual-283,27,0.25707809285571176,0.0,0.06609233344594638,0.011547702636259297,0.004896966594969854,0.049332100665196776,0.005145356806072717,1216.0,1088.0
residual-283,28,0.28020286684234935,0.0,0.06538054735089342,0.01122159588461121,0.004925408225972205,0.048263460863381624,0.005162794152662779,1216.0,1088.0
residual-283,29,0.25369324659307796,0.0,0.06441592192277312,0.011148531125703206,0.004804828863901396,0.04790167991692821,0.005048617846720542,1216.0,1088.0
residual-283,30,0.3380243284627795,0.0,0.06337466789409518,0.010706477740313858,0.004806988901691511,0.04666322927611569,0.005054309847764671,1216.0,1088.0
residual-283,31,0.287051547318697,0.0,0.06221980849901835,0.010372275738821676,0.004747137349719803,0.045681028704469405,0.005009234562749043,1216.0,1088.0
residual-283,32,0.32972261185447377,0.0,0.06118628475815058,0.01003867513888205,0.0047210074262693524,0.0446461756558468,0.004970245732693002,1216.0,1088.0
residual-283,33,0.2781596761196852,0.0,0.06026082051297029,0.0098454644321464,0.004659382315973441,0.043931234472741686,0.004906104683565597,1216.0,1088.0
residual-283,34,0.43500567351778346,0.0,0.060965326304237046,0.009673442497539023,0.004863009691083183,0.043350921012461185,0.005082192374781395,1216.0,1088.0
residual-283,35,0.31397853667537373,0.0,0.05938006440798441,0.009635298377058158,0.004609874857123941,0.04314538657975694,0.004866286355536431,1216.0,1088.0
residual-283,36,0.23175569841017327,0.0,0.05783214280381799,0.009254349279217422,0.0045104187447577715,0.04198468344596525,0.004771888382189597,1216.0,1088.0
residual-283,37,0.20438769490768513,0.0,0.05702965737630924,0.009051839918053398,0.004457095870748162,0.0413491470584025,0.004737430203628416,1216.0,1088.0
residual-283,38,0.25377429494013387,0.0,0.0562457456253469,0.00887732491052399,0.004417304473463446,0.04063860831471781,0.004689949438519155,1216.0,1088.0
residual-283,39,0.2719945789625247,0.0,0.055887560515354075,0.008709071883155653,0.004443382931640372,0.039919455302879214,0.004722614656202495,1216.0,1088.0
residual-283,40,0.21643511950969696,0.0,0.05472249956801534,0.0085128682355086,0.004330676136305556,0.039290079924588404,0.004620943237872173,1216.0,1088.0
residual-283,41,0.2956585641950369,0.0,0.05467152579997977,0.008486407905972252,0.004371184516154851,0.03875750582665205,0.0046608133319144445,1216.0,1088.0
residual-283,42,0.2783983660240968,0.0,0.05356444542606672,0.008260556710107872,0.004279259582593416,0.038131436721111335,0.004560565866995603,1216.0,1088.0
residual-283,43,0.19663696736097336,0.0,0.052699446212500334,0.008055530430283397,0.004211876347350578,0.037554787549500666,0.0045095082896295935,1216.0,1088.0
residual-283,44,0.2503331595410903,0.0,0.05237897097443541,0.008001426991540939,0.004208291638254498,0.03705620447484156,0.004508137741747002,1216.0,1088.0
residual-283,45,0.2427310704564055,0.0,0.051705254862705864,0.007826416500999281,0.004187087790342048,0.0363972046567748,0.0044659423680665595,1216.0,1088.0
residual-283,46,0.26854294414321583,0.0,0.051126797683537006,0.00753363105468452,0.004209990642266348,0.03550108972315987,0.004501329521493365,1216.0,1088.0
residual-283,47,0.251660689090689,0.0,0.05074584701408943,0.007532983378041536,0.00417027497314848,0.03525312772641579,0.004452600231161341,1216.0,1088.0
residual-283,48,0.2557922111203273,0.0,0.04941497199858228,0.007304442813619971,0.004057426888418074,0.034356315775463976,0.0043513316292470945,1216.0,1088.0
free-283,1,2.096528266867002,0.0,1.9081095457077026,0.4356716473897298,0.20757801396151385,0.4490489351252715,0.2088006945947806,1216.0,1088.0
free-283,2,1.1276773711045582,0.0,1.5832920918862026,0.2920377093056838,0.18487962832053503,0.35254111886024475,0.187732663936913,1216.0,1088.0
free-283,3,1.1288259414335091,0.0,1.3347227250536282,0.14706408232450485,0.17977672132352987,0.21121570778389773,0.1814719494432211,1216.0,1088.0
free-283,4,1.2231976861755054,0.0,1.2112835844357808,0.08786932627360027,0.17316226568073034,0.16093192063272,0.17514961368093887,1216.0,1088.0
free-283,5,1.3048338368535042,0.0,1.1189024274547894,0.06351251838107903,0.16450667039801678,0.13126561480263868,0.16586520615965128,1216.0,1088.0
free-283,6,1.4284609717627366,0.0,1.0337501416603725,0.058206965370724596,0.15193682815879583,0.12407162723441918,0.15288002602756023,1216.0,1088.0
free-283,7,1.5608554283777873,0.0,0.9293961375951767,0.0508498273169001,0.13653500316043696,0.11379266902804375,0.13775497985382876,1216.0,1088.0
free-283,8,1.5916526690125465,0.0,0.7478383158644041,0.04715732151332001,0.10715980889896552,0.10908080171793699,0.1087506809271872,1216.0,1088.0
free-283,9,1.6984976008534431,0.0,0.5800422715644041,0.04260152974165976,0.08021423267200589,0.10443428655465443,0.08218333326900999,1216.0,1088.0
free-283,10,2.158490687608719,0.0,0.4682767329116662,0.03845672099851072,0.06263662269338965,0.0989196024214228,0.06490686054651935,1216.0,1088.0
free-283,11,1.4400877592464287,0.0,0.3825710378587246,0.03589519338371853,0.049205654223139085,0.09510343164826433,0.05115075626720985,1216.0,1088.0
free-283,12,0.9981580190360546,0.0,0.32080370001494884,0.0336104155673335,0.03973506002997359,0.09122682797412078,0.041319814743474126,1216.0,1088.0
free-283,13,0.6906667873263359,0.0,0.26800414485236007,0.03166853962466121,0.03156368426668147,0.08859781237939994,0.03289098059758544,1216.0,1088.0
free-283,14,0.6051901889344057,0.0,0.22736805429061255,0.03010780558300515,0.025332875045326848,0.08580392909546693,0.026513392144503694,1216.0,1088.0
free-283,15,0.7152127375205358,0.0,0.19467832644780478,0.028631199228887756,0.0203202279129376,0.0835880075270931,0.021486106639107067,1216.0,1088.0
free-283,16,0.6138314288109541,0.0,0.16866873732457557,0.0272122483390073,0.016453994282831747,0.08132849276686709,0.01748813323987027,1216.0,1088.0
free-283,17,0.6329485476016998,0.0,0.14979039939741293,0.02598053969753285,0.013690115418285131,0.0791829563677311,0.01472895941697061,1216.0,1088.0
free-283,18,0.5628896194199721,0.0,0.13474450229356685,0.024771095253527164,0.011568637351350239,0.07720975515743096,0.012546990280194828,1216.0,1088.0
free-283,19,0.5860719221333662,0.0,0.12531348255773386,0.023840003258859117,0.010261065346033623,0.0755073162727058,0.011337779268311957,1216.0,1088.0
free-283,20,0.9628947426875433,0.0,0.11799005977809429,0.02290240628644824,0.009361769693593184,0.07382645287240545,0.01036367406292508,1216.0,1088.0
free-283,21,0.5683610197156668,0.0,0.10959650451938312,0.022097971057519317,0.008209550306977084,0.0724297125513355,0.009222738250779608,1216.0,1088.0
free-283,22,0.7877455931156874,0.0,0.1053446411776046,0.021410454685489338,0.007727001347423841,0.07109727493176858,0.008738771663047373,1216.0,1088.0
free-283,23,0.5109715852886438,0.0,0.10049594938755035,0.020802277567175526,0.0071490746922791,0.06985678539300959,0.008084489323664457,1216.0,1088.0
free-283,24,0.5664579135676225,0.0,0.09691797258953254,0.02017384274707486,0.006775838652780901,0.06863883882761002,0.0076606783356207115,1216.0,1088.0
free-283,25,0.7728669866919518,0.0,0.09501575337102015,0.01971440257815023,0.006629862104697774,0.0677354681926469,0.007457083847839385,1216.0,1088.0
free-283,26,0.8257036029050747,0.0,0.09290541879211862,0.019254551812385518,0.006459326095258196,0.06672194522495072,0.00722629512893036,1216.0,1088.0
free-283,27,0.8588698928554853,0.0,0.09164815054585536,0.018887555381904047,0.00640092520431305,0.06594464679559071,0.007092285687879969,1216.0,1088.0
free-283,28,0.5332000075529019,0.0,0.08805367133269708,0.01845080339505027,0.005947287058612953,0.06502160709351301,0.006651458679698408,1216.0,1088.0
free-283,29,0.5175140208254257,0.0,0.086509195001175,0.01812355841199557,0.005827467461737494,0.06426000533004601,0.006472882135615994,1216.0,1088.0
free-283,30,1.0509504439930122,0.0,0.0876343014339606,0.017775263520888984,0.006156794435810298,0.06350950229292114,0.00673855422064662,1216.0,1088.0
free-283,31,0.5602385805298885,0.0,0.08401540263245504,0.01758470106869936,0.005627707306606074,0.06293179063747327,0.006226988004830976,1216.0,1088.0
free-283,32,0.67321533896029,0.0,0.08313383487984538,0.017273885935234528,0.005584120013130208,0.06228682352229953,0.006190028846807157,1216.0,1088.0
free-283,33,0.6664848184833924,0.0,0.08263825283696254,0.017001600353978574,0.0056264367400823785,0.06156849395483732,0.006173329059189807,1216.0,1088.0
free-283,34,1.1102133045593898,0.0,0.08365862226734559,0.016808623253988724,0.005885470794358601,0.06118326432382067,0.006358242089239259,1216.0,1088.0
free-283,35,0.6775598414242268,0.0,0.08076258888468146,0.016593485022895038,0.005478319285127024,0.06059361745913824,0.005979509092867374,1216.0,1088.0
free-283,36,0.535035834958156,0.0,0.0796373263001442,0.0164278985078757,0.005345298268366605,0.06007774639874697,0.005894681196271752,1216.0,1088.0
free-283,37,0.46289486934741336,0.0,0.07842631839836638,0.01615648394605766,0.005255476639528449,0.05951095620791117,0.005746224798106899,1216.0,1088.0
free-283,38,0.9451697325954834,0.0,0.0802910568503042,0.01589372610518088,0.00567444283903266,0.05881669279187918,0.006145606477123995,1216.0,1088.0
free-283,39,0.5615986846387386,0.0,0.07793150919800003,0.015721090176763635,0.005334664854065825,0.05845369631424546,0.00582245530677028,1216.0,1088.0
free-283,40,0.600113500530521,0.0,0.07705857542653878,0.01555784714097778,0.00525653685326688,0.05796363747989138,0.005746381085676451,1216.0,1088.0
free-283,41,0.7476926315575838,0.0,0.0766631883258621,0.015410515518548587,0.005273491318803281,0.05733038671314716,0.005746756641504665,1216.0,1088.0
free-283,42,0.6035048272460699,0.0,0.07558636118968327,0.015292842600805065,0.0051332071792179095,0.05716268182732165,0.0055896743142511696,1216.0,1088.0
free-283,43,0.4160423253973325,0.0,0.07479336407656471,0.015053276166630289,0.005073279656547432,0.0566191035322845,0.005568708622983347,1216.0,1088.0
free-283,44,0.8675247952342033,0.0,0.07594264081368844,0.01485096934872369,0.005355484337390711,0.056083240235845246,0.005814056707701336,1216.0,1088.0
free-283,45,0.6431093451877435,0.0,0.07445916704212625,0.01470427238382399,0.005164719827007502,0.05571682114774982,0.005618802485211442,1216.0,1088.0
free-283,46,0.49682024493813515,0.0,0.07314921931053202,0.014455407954907665,0.005043585581006482,0.055145223857834935,0.005473428318509832,1216.0,1088.0
free-283,47,0.6060146726667881,0.0,0.07346289946387212,0.014368134511945149,0.005136298976140097,0.054803242751707636,0.005573973855158935,1216.0,1088.0
free-283,48,0.8254343246420225,0.0,0.0731178936548531,0.014158679017176231,0.005164930790973206,0.05442050960846245,0.005544618800437699,1216.0,1088.0
free-293,1,4.056700614591439,0.0,2.2918879936138787,0.42812197158734006,0.27198222652077675,0.4460376513501008,0.2764091435819864,1216.0,1088.0
free-293,2,1.5649373643100262,0.0,1.6478240489959717,0.31350083462893963,0.1907821341107289,0.3720129815240701,0.19259409451236328,1216.0,1088.0
free-293,3,1.1680470332503319,0.0,1.3992821176846821,0.17916740539173284,0.18129618962605795,0.25642957786719006,0.18335759018858275,1216.0,1088.0
free-293,4,1.4602366499602795,0.0,1.2687177409728367,0.10328204339991014,0.17842885913948217,0.18207774249215922,0.1803406902278463,1216.0,1088.0
free-293,5,1.4658301522334416,0.0,1.178271974126498,0.06266099167987704,0.17374548874795437,0.13845371454954147,0.1757010860989491,1216.0,1088.0
free-293,6,1.3051510999600093,0.0,1.1182297716538112,0.05279393959790468,0.16686597373336554,0.12042379938066006,0.16888001654297113,1216.0,1088.0
free-293,7,1.611844206849734,0.0,1.070231097439925,0.049338445688287415,0.16050973565628132,0.11583240547527869,0.16046875218550363,1216.0,1088.0
free-293,8,1.1683756212393444,0.0,0.9986283605297407,0.047101929085329175,0.14940004671613374,0.11122044486304124,0.14915801615764698,1216.0,1088.0
free-293,9,1.749190628528595,0.0,0.9306810162961483,0.04608481346319119,0.13878638638804355,0.10908144588271777,0.13745496391008297,1216.0,1088.0
free-293,10,1.7895883917808533,0.0,0.7774399121602377,0.04421163032141825,0.11361721716821194,0.10657899888853233,0.1127349544937412,1216.0,1088.0
free-293,11,1.397461252907912,0.0,0.5606036186218262,0.042486062118162714,0.0776189520644645,0.10455411610503991,0.07768234160418312,1216.0,1088.0
free-293,12,1.0714526325464249,0.0,0.4255959118405978,0.03931077088539799,0.055561441384876765,0.10029951762408018,0.05694480690484246,1216.0,1088.0
free-293,13,0.977902622272571,0.0,0.32860249032576877,0.03652049236310025,0.039907925141354404,0.09655249351635575,0.0420870267941306,1216.0,1088.0
free-293,14,0.5275773853063583,0.0,0.2711012735962868,0.03416473907418549,0.031155616355439026,0.09298144777615865,0.03291167179122567,1216.0,1088.0
free-293,15,0.7295631282031536,0.0,0.23209813237190247,0.032117797527462244,0.025336157763376832,0.08982446324080229,0.026861736356901627,1216.0,1088.0
free-293,16,0.5352481578787168,0.0,0.19897985830903053,0.030307197012007236,0.020471850798154872,0.08685918959478538,0.021677831769920886,1216.0,1088.0
free-293,17,0.6224945510427157,0.0,0.17324451419214407,0.028635321805874508,0.01674137858208269,0.08424927433952689,0.01775952094855408,1216.0,1088.0
free-293,18,0.7649488709867001,0.0,0.15677357899645963,0.027122200311472017,0.014460818958468735,0.08199428115040064,0.015405481991668543,1216.0,1088.0
free-293,19,0.6783963534981012,0.0,0.14268647941450277,0.025965868611820042,0.012455823676039776,0.0800011781975627,0.013448363558078805,1216.0,1088.0
free-293,20,0.565756702174743,0.0,0.1310517548893889,0.02481970889493823,0.010836235092331966,0.0782096905944248,0.01189113111468032,1216.0,1088.0
free-293,21,0.520138431340456,0.0,0.1227473287532727,0.02390399241509537,0.009728106029797345,0.07657694273317854,0.010821221008275947,1216.0,1088.0
free-293,22,0.6290593060354391,0.0,0.11721753980964422,0.02303104428574443,0.009058808248179654,0.07505830268686016,0.010211056272964925,1216.0,1088.0
free-293,23,0.7481766908119122,0.0,0.11246419822176297,0.022292820309909683,0.008512657155127576,0.07389881508424878,0.00958567091341441,1216.0,1088.0
free-293,24,0.6184742227196693,0.0,0.10773643013089895,0.021678249390485387,0.007918007322587073,0.07263773183027904,0.009033642515229682,1216.0,1088.0
free-293,25,0.6109742261469364,0.0,0.1039210082963109,0.021149984754932422,0.00745287516231959,0.07162365751961867,0.008573847085547944,1216.0,1088.0
free-293,26,0.5631254402299722,0.0,0.10062235159178574,0.020628625449414056,0.007093591111091276,0.0706400265917182,0.008149674104060978,1216.0,1088.0
free-293,27,0.6670135830839475,0.0,0.09920919841776292,0.020142383989878,0.007039364737768968,0.06962496492390831,0.008048437186516821,1216.0,1088.0
free-293,28,1.1691155017664034,0.0,0.09948763996362686,0.019746235571801662,0.00723973719868809,0.06886858756964405,0.008174080770307532,1216.0,1088.0
free-293,29,0.7327371382464966,0.0,0.09473565608883898,0.019442675324777763,0.006594544625841081,0.06811296225835879,0.007429159828461707,1216.0,1088.0
free-293,30,0.623290695870916,0.0,0.09260950501387318,0.019074437169668574,0.006371298300412794,0.06734120224912961,0.007189636390345792,1216.0,1088.0
free-293,31,0.739572562277317,0.0,0.09157649707049131,0.018726943875662982,0.006316102536705633,0.06664429946492116,0.0071314967547853785,1216.0,1088.0
free-293,32,0.6838243007659912,0.0,0.08975576267888148,0.01851815318999191,0.006146863898417602,0.0658852180155615,0.006853772676549852,1216.0,1088.0
free-293,33,1.082279734313488,0.0,0.09026756385962169,0.01819510606583208,0.0063668202492408454,0.0652891503026088,0.006980301036189,1216.0,1088.0
free-293,34,0.6252656194070975,0.0,0.08653611472497384,0.01790222436344872,0.005828917705609153,0.06468914619957407,0.006486823239053289,1216.0,1088.0
free-293,35,0.5262377702941498,0.0,0.08515606028959155,0.017653476796112955,0.005706509536442657,0.06408306738982598,0.006317506098033239,1216.0,1088.0
free-293,36,0.5072911716997623,0.0,0.08415133971720934,0.017500267286474507,0.00561643744003959,0.0635328587765495,0.006209446233697236,1216.0,1088.0
free-293,37,0.5610157630095879,0.0,0.08359774978210528,0.017182706234355766,0.005640377154729019,0.06289954918126266,0.0062018804213342564,1216.0,1088.0
free-293,38,0.6154507032285134,0.0,0.08300455069790284,0.017054269982812304,0.005610088468529284,0.06237097876146436,0.006162218555497627,1216.0,1088.0
free-293,39,0.6535771743704876,0.0,0.08246737516795595,0.016771299803319078,0.005636562670891483,0.06187143099183837,0.006107055019432058,1216.0,1088.0
free-293,40,0.6002181097865105,0.0,0.0817002896219492,0.016585498000495136,0.005584571500852083,0.061341307746867337,0.00605292550365751,1216.0,1088.0
free-293,41,0.5290335329870383,0.0,0.08114238549023867,0.016368052534138162,0.005567102596008529,0.06077669902394215,0.006058785909165938,1216.0,1088.0
free-293,42,0.8517256397753954,0.0,0.08149117231369019,0.016226376756094396,0.005715252152488877,0.060302427504211664,0.006126286985818297,1216.0,1088.0
free-293,43,0.6198312621563673,0.0,0.07925522808606426,0.016066824978527922,0.005389268801081926,0.05984760448336601,0.005853763160606225,1216.0,1088.0
free-293,44,0.556346220895648,0.0,0.07846051920205355,0.015854622470214963,0.005326115623271714,0.0593504817225039,0.005813096397711585,1216.0,1088.0
free-293,45,0.6968812594811121,0.0,0.07848723605275154,0.01563277968671173,0.005437274696305394,0.058772859163582325,0.005859463572657357,1216.0,1088.0
free-293,46,0.5876065120100975,0.0,0.07714171707630157,0.015502218040637672,0.005266647242630522,0.058388466791560255,0.0056893384899012744,1216.0,1088.0
free-293,47,0.7768034798403581,0.0,0.07745282879720132,0.01534462363148729,0.005375869281124324,0.05795117933303118,0.005814569420181215,1216.0,1088.0
free-293,48,0.3806456333647172,0.0,0.07526663364842534,0.015163039749798676,0.0050799771658300115,0.05741995091860493,0.005536854461145897,1216.0,1088.0
residual-293,1,1.7655770753820736,0.0,0.8058686951796213,0.41974151507019997,0.027665225594925385,0.4408670750757058,0.027516375140597422,1216.0,1088.0
residual-293,2,0.437014431382219,0.0,0.48734328150749207,0.26352667560180026,0.010035541917507848,0.32700970582664013,0.010084793514882525,1216.0,1088.0
residual-293,3,0.30729836287597817,0.0,0.2804727864762147,0.12813905688623586,0.008931482268963009,0.1967876348644495,0.009106990920069316,1216.0,1088.0
residual-293,4,0.2768924608826637,0.0,0.17750910141815743,0.061084854726990066,0.008603832082978139,0.1292901240910093,0.008681928409108272,1216.0,1088.0
residual-293,5,0.18885352183133364,0.0,0.14401379600167274,0.042682157984624304,0.008256298354050765,0.10334694913278024,0.00831648480379954,1216.0,1088.0
residual-293,6,0.190318345092237,0.0,0.1309470667814215,0.03547121863812208,0.008001300098840147,0.09472250069181125,0.008054698817431927,1216.0,1088.0
residual-293,7,0.24572478731473288,0.0,0.12289856312175591,0.031081319708998006,0.007897513860370964,0.08885957828412454,0.007898699899669737,1216.0,1088.0
residual-293,8,0.1884623533114791,0.0,0.11583872232586145,0.02783037085706989,0.007614108403989424,0.08459100608403484,0.007628207017357151,1216.0,1088.0
residual-293,9,0.17576345863441625,0.0,0.11032920392851035,0.02515191239460061,0.007438108422017346,0.08110924996435642,0.0074351167810770375,1216.0,1088.0
residual-293,10,0.18375525592515865,0.0,0.10593739617615938,0.023078070022165775,0.007323838324130823,0.07789328849563996,0.00730866490630433,1216.0,1088.0
residual-293,11,0.20579839466760555,0.0,0.10260492408027251,0.021413028977500897,0.007277190180805822,0.07512871595099568,0.007259387930389494,1216.0,1088.0
residual-293,12,0.20649338078995547,0.0,0.09915562563886245,0.020129046441676717,0.007116783953582247,0.07272047316655517,0.007099603341581921,1216.0,1088.0
residual-293,13,0.2776654940098524,0.0,0.09655810271700223,0.019074402012241382,0.007025664691658069,0.07070886359239618,0.007013305303795884,1216.0,1088.0
residual-293,14,0.19174147148927054,0.0,0.09371021514137585,0.018389035016298294,0.006813473999500275,0.06892099635054667,0.00680339359678328,1216.0,1088.0
residual-293,15,0.2399178979297479,0.0,0.09181120262170832,0.01783893400958429,0.006716648194318016,0.06733634384969871,0.006718751625157893,1216.0,1088.0
residual-293,16,0.25154060187439126,0.0,0.08972417594244082,0.01724713807925582,0.006587749832154562,0.06590667615334193,0.0065863503647657735,1216.0,1088.0
residual-293,17,0.23890706400076547,0.0,0.0864631572427849,0.016512323015679915,0.006319914245977998,0.06398607790470123,0.006339069611082475,1216.0,1088.0
residual-293,18,0.2894010857368509,0.0,0.08450086895997326,0.01593413995578885,0.00621559396192121,0.06241341556111971,0.006248823231241356,1216.0,1088.0
residual-293,19,0.2810930327201883,0.0,0.08206470683217049,0.01550173150220265,0.0059714632807299495,0.06112551192442576,0.00605718360748142,1216.0,1088.0
residual-293,20,0.2751083318144083,0.0,0.07966725900769234,0.015081904576315234,0.0057433007944685715,0.05973379461405178,0.005872627060549955,1216.0,1088.0
residual-293,21,0.1855600799123446,0.0,0.07678564187760155,0.014514566748403013,0.0054602376476395875,0.058298895601183176,0.005640338466037065,1216.0,1088.0
residual-293,22,0.3123687965174516,0.0,0.07524312691142161,0.013929704204201698,0.0054412573808804154,0.056599336521079145,0.005624362364566575,1216.0,1088.0
residual-293,23,0.29244849396248657,0.0,0.07337301426256697,0.013582178275100887,0.0052808224863838404,0.055393050968026124,0.005485510181946059,1216.0,1088.0
residual-293,24,0.2687080269679427,0.0,0.07154014240950346,0.013164936526057621,0.005147463777878632,0.0540335630842795,0.00538428455668812,1216.0,1088.0
residual-293,25,0.24050948427369198,0.0,0.0694870885151128,0.012671357796837887,0.0050066371622961015,0.052636221439267196,0.005235535946364204,1216.0,1088.0
residual-293,26,0.2903621963535746,0.0,0.06825424218550324,0.012179409270174801,0.005013850895920768,0.051067533592383065,0.0052428315102588385,1216.0,1088.0
residual-293,27,0.30295224363605183,0.0,0.06661154919614394,0.011715113748020181,0.004942582842583458,0.049625758081674576,0.005156612178931634,1216.0,1088.0
residual-293,28,0.48427966485420865,0.0,0.06747855587551992,0.011445927200838923,0.0052367314929142594,0.048596322226027645,0.005393770678589742,1216.0,1088.0
residual-293,29,0.28337755364676315,0.0,0.06459861109033227,0.01121923461323604,0.0048532900885523604,0.047655601209650435,0.005069208001562704,1216.0,1088.0
residual-293,30,0.2362589742988348,0.0,0.06272116008525093,0.01083753201722478,0.004716778571795051,0.04619213884385923,0.0049602220533415675,1216.0,1088.0
residual-293,31,0.3034285608058174,0.0,0.0614793892018497,0.010408881430824598,0.004731954773887992,0.04449913805971543,0.004946559686989834,1216.0,1088.0
residual-293,32,0.2885371831556161,0.0,0.06024087266996503,0.010167037098047635,0.004665106088699152,0.043259412283077836,0.004891852605699872,1216.0,1088.0
residual-293,33,0.31978755816817284,0.0,0.058328406885266304,0.009715867772077521,0.004617264698026702,0.04092277757202586,0.00484104611678049,1216.0,1088.0
residual-293,34,0.2688998216763139,0.0,0.055860562870899834,0.009251532047831764,0.004486844331646959,0.038420899926374354,0.004725601659932484,1216.0,1088.0
residual-293,35,0.22752895144124827,0.0,0.05301105339700977,0.008515747613273561,0.00443887664975288,0.03490613144822419,0.00464336687582545,1216.0,1088.0
residual-293,36,0.2983209416270256,0.0,0.050646692514419556,0.007974975587179264,0.004425316350534558,0.03146396852874508,0.004619233717676252,1216.0,1088.0
residual-293,37,0.2857043060163657,0.0,0.048674272994200386,0.007390204681238781,0.004408818436786532,0.02881932056819399,0.004619567102054134,1216.0,1088.0
residual-293,38,0.2791643887758255,0.0,0.04651583839828769,0.006863935481912146,0.004349167157973473,0.026312833419069648,0.0045494086322529865,1216.0,1088.0
residual-293,39,0.26204504662503797,0.0,0.044510851691787444,0.006401391205145046,0.004290436219889671,0.023918393882922828,0.004494259211545189,1216.0,1088.0
residual-293,40,0.31668193886677426,0.0,0.04361825886492928,0.006098001904319972,0.004317137354519218,0.022402120831732947,0.004525323476021488,1216.0,1088.0
residual-293,41,0.3058475212504466,0.0,0.04191140791711708,0.0056397244237208115,0.004260990487334008,0.020609216337713104,0.004461556682751204,1216.0,1088.0
residual-293,42,0.2585722080742319,0.0,0.040290919210140906,0.005477117161111285,0.004116405276969696,0.019421834964305162,0.004318631855615725,1216.0,1088.0
residual-293,43,0.2619892604028185,0.0,0.03902255883440375,0.005273722839774564,0.0040082216437440366,0.018522474022271734,0.004227356141200289,1216.0,1088.0
residual-293,44,0.2780942947914203,0.0,0.03842344197134177,0.004988265815579022,0.004052370990393683,0.017391006578691304,0.004265094389362882,1216.0,1088.0
residual-293,45,0.38514095234374207,0.0,0.03839616306746999,0.004857337723175685,0.004139613398971657,0.016614052932709455,0.004336672902960951,1216.0,1088.0
residual-293,46,0.28919739990184706,0.0,0.036846921080723405,0.004714038611079256,0.003948054470432301,0.016008958957778912,0.004168092554512744,1216.0,1088.0
residual-293,47,0.27931644053508836,0.0,0.035861525451764464,0.004493132010490323,0.003886055628148218,0.01521862942414979,0.004107428336283192,1216.0,1088.0
residual-293,48,0.183455979761978,0.0,0.03478638300051292,0.004265979960716019,0.003811736241914332,0.014320377570887407,0.004056634585140273,1216.0,1088.0
