group,candidate_gate,name,value,threshold,passes
competence_checks,True,lambda3.spatial.10101.success,0.4788747794680367,0.95,False
competence_checks,True,lambda3.spatial.10101.moves,1150.4516162756709,34.179062965203094,False
competence_checks,True,lambda3.spatial.10102.success,0.553354712305094,0.95,False
competence_checks,True,lambda3.spatial.10102.moves,987.6513386882963,34.179062965203094,False
competence_checks,True,lambda3.spatial.10103.success,0.17835471230509406,0.95,False
competence_checks,True,lambda3.spatial.10103.moves,1800.682990219184,34.179062965203094,False
competence_checks,True,lambda4.spatial.10101.success,0.18765377302281896,0.95,False
competence_checks,True,lambda4.spatial.10101.moves,1778.6283803481672,43.85583603616834,False
competence_checks,True,lambda4.spatial.10102.success,0.4074636009807425,0.95,False
competence_checks,True,lambda4.spatial.10102.moves,1304.6092042659043,43.85583603616834,False
competence_checks,True,lambda4.spatial.10103.success,0.2392470427188879,0.95,False
competence_checks,True,lambda4.spatial.10103.moves,1667.7441862041849,43.85583603616834,False
competence_checks,True,lambda5.spatial.10101.success,0.014383214627670525,0.95,False
competence_checks,True,lambda5.spatial.10101.moves,2156.5439096092846,55.132419232990124,False
competence_checks,True,lambda5.spatial.10102.success,0.4259401167338516,0.95,False
competence_checks,True,lambda5.spatial.10102.moves,1269.7259098792297,55.132419232990124,False
competence_checks,True,lambda5.spatial.10103.success,0.043149643883011575,0.95,False
competence_checks,True,lambda5.spatial.10103.moves,2093.746794544875,55.132419232990124,False
improvement_checks,True,lambda3.neighbor_free.success,0.40352806802607494,0.20078898373539952,True
improvement_checks,True,lambda3.neighbor_free.moves,1312.9286483943836,1663.7219067961987,True
improvement_checks,True,lambda3.neighbor_free.positive_blocks,5,6,False
improvement_checks,True,lambda3.neighbor_free.cost,5.937945457263368,5.458099759310174,False
improvement_checks,True,lambda3.cnn.success,0.40352806802607494,0.20390663308519538,True
improvement_checks,True,lambda3.cnn.moves,1312.9286483943836,1657.549045431918,True
improvement_checks,True,lambda3.cnn.positive_blocks,5,6,False
improvement_checks,True,lambda3.cnn.cost,5.937945457263368,17.310479563515944,True
improvement_checks,True,lambda3.dense128.success,0.40352806802607494,0.11019124314427564,True
improvement_checks,True,lambda3.dense128.moves,1312.9286483943836,1850.0762998547305,True
improvement_checks,True,lambda3.dense128.positive_blocks,6,6,True
improvement_checks,True,lambda3.dense128.cost,5.937945457263368,1.6100632936479835,False
improvement_checks,True,lambda3.statistics.success,0.40352806802607494,0.059090463451574156,True
improvement_checks,True,lambda3.statistics.moves,1312.9286483943836,1955.9993121468522,True
improvement_checks,True,lambda3.statistics.positive_blocks,7,6,True
improvement_checks,True,lambda3.statistics.cost,5.937945457263368,1.7092450084573558,False
improvement_checks,True,lambda4.neighbor_free.success,0.27812147224081646,0.17972732518918885,True
improvement_checks,True,lambda4.neighbor_free.moves,1583.6605902727522,1706.0044630231505,True
improvement_checks,True,lambda4.neighbor_free.positive_blocks,6,6,True
improvement_checks,True,lambda4.neighbor_free.cost,7.1588456995122725,5.54799503181647,False
improvement_checks,True,lambda4.cnn.success,0.27812147224081646,0.20340415334153325,True
improvement_checks,True,lambda4.cnn.moves,1583.6605902727522,1657.852369776029,True
improvement_checks,True,lambda4.cnn.positive_blocks,5,6,False
improvement_checks,True,lambda4.cnn.cost,7.1588456995122725,17.26407391240179,True
improvement_checks,True,lambda4.dense128.success,0.27812147224081646,0.09339672401402549,True
improvement_checks,True,lambda4.dense128.moves,1583.6605902727522,1885.3900342940901,True
improvement_checks,True,lambda4.dense128.positive_blocks,7,6,True
improvement_checks,True,lambda4.dense128.cost,7.1588456995122725,1.6098203996246232,False
improvement_checks,True,lambda4.statistics.success,0.27812147224081646,0.10993918628170572,True
improvement_checks,True,lambda4.statistics.moves,1583.6605902727522,1851.6744814640801,True
improvement_checks,True,lambda4.statistics.positive_blocks,7,6,True
improvement_checks,True,lambda4.statistics.cost,7.1588456995122725,1.6229192296273913,False
improvement_checks,True,lambda5.neighbor_free.success,0.16115765841484456,0.2222166232018703,False
improvement_checks,True,lambda5.neighbor_free.moves,1840.0055380111298,1621.5403328252075,False
improvement_checks,True,lambda5.neighbor_free.positive_blocks,5,6,False
improvement_checks,True,lambda5.neighbor_free.cost,8.225978707930397,5.255323011089895,False
improvement_checks,True,lambda5.cnn.success,0.16115765841484456,0.03915372638979451,True
improvement_checks,True,lambda5.cnn.moves,1840.0055380111298,1997.966389383338,True
improvement_checks,True,lambda5.cnn.positive_blocks,7,6,True
improvement_checks,True,lambda5.cnn.cost,8.225978707930397,20.632809044963434,True
improvement_checks,True,lambda5.dense128.success,0.16115765841484456,0.05864670557795056,True
improvement_checks,True,lambda5.dense128.moves,1840.0055380111298,1956.9856174713389,True
improvement_checks,True,lambda5.dense128.positive_blocks,6,6,True
improvement_checks,True,lambda5.dense128.cost,8.225978707930397,1.629641333968861,False
improvement_checks,True,lambda5.statistics.success,0.16115765841484456,0.12118864758132115,True
improvement_checks,True,lambda5.statistics.moves,1840.0055380111298,1829.3279990863114,False
improvement_checks,True,lambda5.statistics.positive_blocks,6,6,True
improvement_checks,True,lambda5.statistics.cost,8.225978707930397,1.5797124242131177,False
control_competence_checks,False,lambda3.neighbor_free.10101.success,0.3244799328370574,0.95,False
control_competence_checks,False,lambda3.neighbor_free.10101.moves,1483.5387192227313,34.179062965203094,False
control_competence_checks,False,lambda3.neighbor_free.10102.success,0.16616711911355503,0.95,False
control_competence_checks,False,lambda3.neighbor_free.10102.moves,1825.8327514154994,34.179062965203094,False
control_competence_checks,False,lambda3.neighbor_free.10103.success,0.11171989925558608,0.95,False
control_competence_checks,False,lambda3.neighbor_free.10103.moves,1944.4871824023971,34.179062965203094,False
control_competence_checks,False,lambda3.cnn.10101.success,0.058365186950492004,0.95,False
control_competence_checks,False,lambda3.cnn.10101.moves,2060.397586580338,34.179062965203094,False
control_competence_checks,False,lambda3.cnn.10102.success,0.27721901712773284,0.95,False
control_competence_checks,False,lambda3.cnn.10102.moves,1585.2228401830662,34.179062965203094,False
control_competence_checks,False,lambda3.cnn.10103.success,0.27613569517736125,0.95,False
control_competence_checks,False,lambda3.cnn.10103.moves,1588.7449798637056,34.179062965203094,False
control_competence_checks,False,lambda3.dense128.10101.success,0.021125220531963307,0.95,False
control_competence_checks,False,lambda3.dense128.10101.moves,2141.7991426965964,34.179062965203094,False
control_competence_checks,False,lambda3.dense128.10102.success,0.15221901712773284,0.95,False
control_competence_checks,False,lambda3.dense128.10102.moves,1855.3369885923576,34.179062965203094,False
control_competence_checks,False,lambda3.dense128.10103.success,0.15722949177313075,0.95,False
control_competence_checks,False,lambda3.dense128.10103.moves,1845.2100787786164,34.179062965203094,False
control_competence_checks,False,lambda3.statistics.10101.success,0.021125220531963307,0.95,False
control_competence_checks,False,lambda3.statistics.10101.moves,2141.8474869342563,34.179062965203094,False
control_competence_checks,False,lambda3.statistics.10102.success,0.11890620340423048,0.95,False
control_competence_checks,False,lambda3.statistics.10102.moves,1928.017269325338,34.179062965203094,False
control_competence_checks,False,lambda3.statistics.10103.success,0.03723996641852869,0.95,False
control_competence_checks,False,lambda3.statistics.10103.moves,2106.9751768357287,34.179062965203094,False
control_competence_checks,False,lambda4.neighbor_free.10101.success,0.20709098778378324,0.95,False
control_competence_checks,False,lambda4.neighbor_free.10101.moves,1736.2655956682713,43.85583603616834,False
control_competence_checks,False,lambda4.neighbor_free.10102.success,0.17255868700178076,0.95,False
control_competence_checks,False,lambda4.neighbor_free.10102.moves,1811.3046947258374,43.85583603616834,False
control_competence_checks,False,lambda4.neighbor_free.10103.success,0.1595323007820025,0.95,False
control_competence_checks,False,lambda4.neighbor_free.10103.moves,1839.8122244158412,43.85583603616834,False
control_competence_checks,False,lambda4.cnn.10101.success,0.18331164428289287,0.95,False
control_competence_checks,False,lambda4.cnn.10101.moves,1788.0822182606732,43.85583603616834,False
control_competence_checks,False,lambda4.cnn.10102.success,0.15312147224081646,0.95,False
control_competence_checks,False,lambda4.cnn.10102.moves,1853.8329111645526,43.85583603616834,False
control_competence_checks,False,lambda4.cnn.10103.success,0.2737793435008904,0.95,False
control_competence_checks,False,lambda4.cnn.10103.moves,1593.4081435517082,43.85583603616834,False
control_competence_checks,False,lambda4.dense128.10101.success,0.13575295728111214,0.95,False
control_competence_checks,False,lambda4.dense128.10101.moves,1892.6918270217016,43.85583603616834,False
control_competence_checks,False,lambda4.dense128.10102.success,0.1293421287399261,0.95,False
control_competence_checks,False,lambda4.dense128.10102.moves,1906.184392298172,43.85583603616834,False
control_competence_checks,False,lambda4.dense128.10103.success,0.01509508602103821,0.95,False
control_competence_checks,False,lambda4.dense128.10103.moves,2154.9870468719896,43.85583603616834,False
control_competence_checks,False,lambda4.statistics.10101.success,0.26075295728111214,0.95,False
control_competence_checks,False,lambda4.statistics.10101.moves,1622.1741509606964,43.85583603616834,False
control_competence_checks,False,lambda4.statistics.10102.success,0.023779343500890372,0.95,False
control_competence_checks,False,lambda4.statistics.10102.moves,2136.016286407252,43.85583603616834,False
control_competence_checks,False,lambda4.statistics.10103.success,0.04528525806311463,0.95,False
control_competence_checks,False,lambda4.statistics.10103.moves,2089.202661992305,43.85583603616834,False
control_competence_checks,False,lambda5.neighbor_free.10101.success,0.27996416032935073,0.95,False
control_competence_checks,False,lambda5.neighbor_free.10101.moves,1584.201361168758,55.132419232990124,False
control_competence_checks,False,lambda5.neighbor_free.10102.success,0.14058094570168017,0.95,False
control_competence_checks,False,lambda5.neighbor_free.10102.moves,1883.7144605343601,55.132419232990124,False
control_competence_checks,False,lambda5.neighbor_free.10103.success,0.24610476357457994,0.95,False
control_competence_checks,False,lambda5.neighbor_free.10103.moves,1652.7378609028,55.132419232990124,False
control_competence_checks,False,lambda5.cnn.10101.success,0.011685709276260142,0.95,False
control_competence_checks,False,lambda5.cnn.10101.moves,2162.6770679983442,55.132419232990124,False
control_competence_checks,False,lambda5.cnn.10102.success,0.044347374957021235,0.95,False
control_competence_checks,False,lambda5.cnn.10102.moves,2091.7916716225004,55.132419232990124,False
control_competence_checks,False,lambda5.cnn.10103.success,0.06142809493610215,0.95,False
control_competence_checks,False,lambda5.cnn.10103.moves,2054.8988058002237,55.132419232990124,False
control_competence_checks,False,lambda5.dense128.10101.success,0.01827845105309057,0.95,False
control_competence_checks,False,lambda5.dense128.10101.moves,2148.0328180197416,55.132419232990124,False
control_competence_checks,False,lambda5.dense128.10102.success,0.13938321462767053,0.95,False
control_competence_checks,False,lambda5.dense128.10102.moves,1883.8889454489552,55.132419232990124,False
control_competence_checks,False,lambda5.dense128.10103.success,0.01827845105309057,0.95,False
control_competence_checks,False,lambda5.dense128.10103.moves,2148.0328180197416,55.132419232990124,False
control_competence_checks,False,lambda5.statistics.10101.success,0.18373058958469177,0.95,False
control_competence_checks,False,lambda5.statistics.10101.moves,1791.4393935728042,55.132419232990124,False
control_competence_checks,False,lambda5.statistics.10102.success,0.13938321462767053,0.95,False
control_competence_checks,False,lambda5.statistics.10102.moves,1885.4705441530518,55.132419232990124,False
control_competence_checks,False,lambda5.statistics.10103.success,0.04045213853160119,0.95,False
control_competence_checks,False,lambda5.statistics.10103.moves,2099.915322546706,55.132419232990124,False
