architecture,seed,episode_id,regime,case,arm,rows,initial_rows,post_rows,baseline_full_agreement,candidate_full_agreement,baseline_primary_agreement,candidate_primary_agreement,initial_agreement_contribution,post_agreement_contribution,reweight_agreement,baseline_full_gap,candidate_full_gap,baseline_primary_gap,candidate_primary_gap,initial_gap_contribution,post_gap_contribution,reweight_gap
innovation,275000001,valid:lambda3:273000001:analytic,lambda3,0,analytic,9,3,6,0.6666666666666666,0.6666666666666666,0.6666666666666666,0.6666666666666666,0.0,0.0,0.0,0.19604863060845268,0.19604863060845268,0.17607752482096353,0.17607752482096353,0.0,0.0,0.0
innovation,275000001,valid:lambda3:273000001:neural,lambda3,0,neural,9,3,6,0.6666666666666666,0.6666666666666666,0.6666666666666666,0.6666666666666666,0.0,0.0,0.0,0.19604863060845268,0.19604863060845268,0.17607752482096353,0.17607752482096353,0.0,0.0,0.0
innovation,275000001,valid:lambda3:273000001:period4_hold,lambda3,0,period4_hold,1641,3,1638,0.49299207800121875,0.4174283973187081,0.49206349206349204,0.4163614163614164,0.0,-0.07556368068251067,0.000138395019564988,0.024859982681739338,0.030003182703514493,0.024905513785552048,0.030058133587586865,0.0,0.005143200021775157,-9.419780259660795e-06
innovation,275000001,valid:lambda3:273000002:neural,lambda3,1,neural,5,3,2,0.8,1.0,0.5,1.0,0.0,0.2,-0.3,0.09844961166381835,0.0,0.2461240291595459,0.0,0.0,-0.09844961166381835,0.14767441749572754
innovation,275000001,valid:lambda3:273000002:period4_hold,lambda3,1,period4_hold,12,3,9,0.6666666666666666,0.5833333333333334,0.5555555555555556,0.5555555555555556,-0.08333333333333333,0.0,0.0,0.055425683657328285,0.12528320153554282,0.07390091154310438,0.07822942733764648,0.06661113103230794,0.0032463868459065757,-0.0010821289486355281
innovation,275000001,valid:lambda3:273000002:analytic,lambda3,1,analytic,5,3,2,0.8,1.0,0.5,1.0,0.0,0.2,-0.3,0.09844961166381835,0.0,0.2461240291595459,0.0,0.0,-0.09844961166381835,0.14767441749572754
innovation,275000001,valid:lambda3:273000003:period4_hold,lambda3,2,period4_hold,1641,3,1638,0.4887263863497867,0.4034125533211456,0.4877899877899878,0.40231990231990233,0.0,-0.08531383302864107,0.00015625244144437667,0.013821568741876856,0.019059941799156845,0.013846882970341833,0.019094850117470318,0.0,0.005238373057279988,-9.594089848497488e-06
innovation,275000001,valid:lambda3:273000003:analytic,lambda3,2,analytic,3,3,0,1.0,1.0,0.0,0.0,0.0,0.0,0.0,0.0,0.0,0.0,0.0,0.0,0.0,0.0
innovation,275000001,valid:lambda3:273000003:neural,lambda3,2,neural,3,3,0,1.0,1.0,0.0,0.0,0.0,0.0,0.0,0.0,0.0,0.0,0.0,0.0,0.0,0.0
innovation,275000001,valid:lambda3:273000004:analytic,lambda3,3,analytic,102,3,99,0.7254901960784313,0.7254901960784313,0.7272727272727273,0.7272727272727273,0.0,0.0,0.0,0.07589258867151596,0.09734252854889515,0.07658809122413096,0.09868802927961254,0.0,0.021449939877379174,-0.0006499981781024032
innovation,275000001,valid:lambda3:273000004:neural,lambda3,3,neural,105,3,102,0.8,0.780952380952381,0.803921568627451,0.7843137254901961,0.0,-0.01904761904761905,0.000560224089635894,0.048585006168910434,0.06019507362729027,0.048456888572842464,0.060408428603527596,0.0,0.011610067458379836,-0.0003414725723052958
innovation,275000001,valid:lambda3:273000004:period4_hold,lambda3,3,period4_hold,61,3,58,0.5901639344262295,0.5409836065573771,0.603448275862069,0.5517241379310345,0.0,-0.04918032786885246,0.002543810062182017,0.12098978386550653,0.12018785320344519,0.12230787606074892,0.12146446622651198,0.0,-0.0008019306620613473,4.14791721755855e-05
innovation,275000001,valid:lambda3:273000005:neural,lambda3,4,neural,1,1,0,1.0,1.0,0.0,0.0,0.0,0.0,0.0,0.0,0.0,0.0,0.0,0.0,0.0,0.0
innovation,275000001,valid:lambda3:273000005:period4_hold,lambda3,4,period4_hold,1641,3,1638,0.5575868372943327,0.4801950030469226,0.5573870573870574,0.47924297924297926,0.0006093845216331506,-0.07800121876904327,0.00014285937503487334,0.019428842028490587,0.019101382754765802,0.019409468613555872,0.01913636697226537,-5.485690417339132e-05,-0.0002726023695513942,4.992717391069613e-07
innovation,275000001,valid:lambda3:273000005:analytic,lambda3,4,analytic,1,1,0,1.0,1.0,0.0,0.0,0.0,0.0,0.0,0.0,0.0,0.0,0.0,0.0,0.0,0.0
innovation,275000001,valid:lambda3:273000006:period4_hold,lambda3,5,period4_hold,1641,3,1638,0.6605728214503351,0.5502742230347349,0.6599511599511599,0.5500610500610501,-0.0006093845216331506,-0.10968921389396709,0.00020089599614274423,0.08525233599995782,0.11997901557931662,0.08540847580948155,0.11998043115613516,0.00021792707611772072,0.03450875250324108,-6.320284341253257e-05
innovation,275000001,valid:lambda3:273000006:analytic,lambda3,5,analytic,14,3,11,0.6428571428571429,0.6428571428571429,0.5454545454545454,0.5454545454545454,0.0,0.0,0.0,0.25617330414908274,0.1310748372759138,0.3260387507351962,0.16682252016934482,0.0,-0.12509846687316895,0.03411776369268246
innovation,275000001,valid:lambda3:273000006:neural,lambda3,5,neural,18,3,15,0.6111111111111112,0.6111111111111112,0.5333333333333333,0.5333333333333333,0.0,0.0,0.0,0.20556582344902885,0.2081573804219564,0.24667898813883463,0.24978885650634766,0.0,0.0025915569729275173,-0.0005183113945855184
innovation,275000001,valid:lambda4:274000001:analytic,lambda4,0,analytic,25,3,22,0.56,0.6,0.5909090909090909,0.5454545454545454,0.08,-0.04,0.005454545454545524,0.11911172866821289,0.12765840530395509,0.12880682945251465,0.14506636966358533,-0.00576171875,0.014308395385742188,-0.0019511448253284897
innovation,275000001,valid:lambda4:274000001:neural,lambda4,0,neural,18,3,15,0.4444444444444444,0.2222222222222222,0.3333333333333333,0.26666666666666666,-0.16666666666666666,-0.05555555555555555,0.0111111111111111,0.12446218066745335,0.15724674860636392,0.149354616800944,0.17808767954508464,0.008840348985460069,0.02394421895345052,-0.004788843790690122
innovation,275000001,valid:lambda4:274000001:period4_hold,lambda4,0,period4_hold,1641,3,1638,0.4363193174893358,0.4015843997562462,0.4352869352869353,0.40231990231990233,-0.0018281535648994515,-0.03290676416819013,6.026879884283437e-05,0.018235433254207074,0.02194749241119329,0.018268831483610384,0.02189054259159335,9.696909307634446e-05,0.0036150900639098714,-6.621044073094624e-06
innovation,275000001,valid:lambda4:274000002:neural,lambda4,1,neural,1,1,0,1.0,0.0,0.0,0.0,-1.0,0.0,0.0,0.0,0.059101104736328125,0.0,0.0,0.059101104736328125,0.0,0.0
innovation,275000001,valid:lambda4:274000002:period4_hold,lambda4,1,period4_hold,1641,3,1638,0.5947592931139549,0.4113345521023766,0.594017094017094,0.41086691086691085,-0.0006093845216331506,-0.18281535648994515,0.00033482666023801344,0.010615216748588046,0.019038890208651713,0.010634658537504874,0.019037678710415833,3.6015298437738043e-05,0.008387658161625929,-1.536201128502987e-05
innovation,275000001,valid:lambda4:274000002:analytic,lambda4,1,analytic,1,1,0,1.0,0.0,0.0,0.0,-1.0,0.0,0.0,0.0,0.059101104736328125,0.0,0.0,0.059101104736328125,0.0,0.0
innovation,275000001,valid:lambda4:274000003:period4_hold,lambda4,2,period4_hold,1641,3,1638,0.6087751371115173,0.8007312614259597,0.6092796092796092,0.8015873015873016,0.0,0.19195612431444242,-0.00035156799324997934,0.05930369732802703,0.040914637515052366,0.059262493300059484,0.04097523444738144,-0.00013523287776038095,-0.01825382693521429,3.3431917463758176e-05
innovation,275000001,valid:lambda4:274000003:analytic,lambda4,2,analytic,1,1,0,1.0,1.0,0.0,0.0,0.0,0.0,0.0,0.0,0.0,0.0,0.0,0.0,0.0,0.0
innovation,275000001,valid:lambda4:274000003:neural,lambda4,2,neural,3,3,0,0.6666666666666666,0.3333333333333333,0.0,0.0,-0.3333333333333333,0.0,0.0,6.357828776041666e-07,0.32258860270182294,0.0,0.0,0.3225879669189453,0.0,0.0
innovation,275000001,valid:lambda4:274000004:analytic,lambda4,3,analytic,20,3,17,0.65,0.75,0.7058823529411765,0.7058823529411765,0.1,0.0,0.0,0.10087778568267822,0.10043694972991943,0.09690702662748449,0.11816111732931699,-0.018506813049316406,0.018065977096557616,-0.0031881136052748817
innovation,275000001,valid:lambda4:274000004:neural,lambda4,3,neural,15,3,12,0.3333333333333333,0.5333333333333333,0.25,0.5833333333333334,-0.06666666666666667,0.26666666666666666,-0.06666666666666671,0.4187339782714844,0.08638525009155273,0.5085881551106771,0.08907496929168701,0.003261820475260417,-0.3356105486551921,0.08390263716379803
innovation,275000001,valid:lambda4:274000004:period4_hold,lambda4,3,period4_hold,47,3,44,0.5957446808510638,0.6808510638297872,0.5909090909090909,0.7045454545454546,-0.02127659574468085,0.10638297872340426,-0.00725338491295939,0.18455772196992914,0.09105159881267141,0.19309684363278476,0.0921033187346025,0.0010410065346575798,-0.09454712969191531,0.0064463952062669555
innovation,275000001,valid:lambda4:274000005:neural,lambda4,4,neural,82,3,79,0.8902439024390244,0.8536585365853658,0.8860759493670886,0.8481012658227848,0.0,-0.036585365853658534,0.0013893176906452434,0.05039046450359065,0.07475763413964248,0.05230402644676498,0.07759653163861625,0.0,0.02436716963605183,-0.0009253355557994405
innovation,275000001,valid:lambda4:274000005:period4_hold,lambda4,4,period4_hold,1641,3,1638,0.1639244363193175,0.14625228519195613,0.1623931623931624,0.1446886446886447,0.0,-0.017672151127361365,3.2366577156332094e-05,0.1333414955447172,0.13659284385074427,0.13358571073802253,0.13684301389442696,0.0,0.0032513483060270746,-5.95485037735953e-06
innovation,275000001,valid:lambda4:274000005:analytic,lambda4,4,analytic,94,3,91,0.7872340425531915,0.7446808510638298,0.7802197802197802,0.7362637362637363,0.0,-0.0425531914893617,0.0014028524666822098,0.10004881595043426,0.12639052309888474,0.10334712856418483,0.13055724364060622,0.0,0.026341707148450487,-0.0008684079279709031
innovation,275000001,valid:lambda4:274000006:period4_hold,lambda4,5,period4_hold,0,0,0,0.0,0.0,0.0,0.0,0.0,0.0,0.0,0.0,0.0,0.0,0.0,0.0,0.0,0.0
innovation,275000001,valid:lambda4:274000006:analytic,lambda4,5,analytic,5,3,2,0.6,1.0,0.5,1.0,0.2,0.2,-0.3,0.3695688247680664,0.0,0.6009922027587891,0.0,-0.1291719436645508,-0.24039688110351562,0.3605953216552734
innovation,275000001,valid:lambda4:274000006:neural,lambda4,5,neural,0,0,0,0.0,0.0,0.0,0.0,0.0,0.0,0.0,0.0,0.0,0.0,0.0,0.0,0.0,0.0
innovation,275000002,valid:lambda3:273000001:analytic,lambda3,0,analytic,9,3,6,0.7777777777777778,0.5555555555555556,0.6666666666666666,0.5,-0.1111111111111111,-0.1111111111111111,0.055555555555555525,0.11738501654730903,0.22002198961046007,0.17607752482096353,0.2120375633239746,0.07866361406114367,0.02397335900200738,-0.011986679501003697
innovation,275000002,valid:lambda3:273000001:neural,lambda3,0,neural,9,3,6,0.7777777777777778,0.5555555555555556,0.6666666666666666,0.5,-0.1111111111111111,-0.1111111111111111,0.055555555555555525,0.11738501654730903,0.22002198961046007,0.17607752482096353,0.2120375633239746,0.07866361406114367,0.02397335900200738,-0.011986679501003697
innovation,275000002,valid:lambda3:273000001:period4_hold,lambda3,0,period4_hold,1641,3,1638,0.635588056063376,0.45033516148689823,0.6355311355311355,0.44993894993894995,0.0,-0.18525289457647776,0.00033929101570778775,0.017517699619969677,0.021830811579005155,0.0175497827366886,0.02169723126477811,0.00017324560375783153,0.0041398663552776474,-7.582172811863679e-06
innovation,275000002,valid:lambda3:273000002:neural,lambda3,1,neural,5,3,2,1.0,0.6,1.0,1.0,-0.4,0.0,0.0,0.0,0.038322830200195314,0.0,0.0,0.038322830200195314,0.0,0.0
innovation,275000002,valid:lambda3:273000002:period4_hold,lambda3,1,period4_hold,12,3,9,0.6666666666666666,0.6666666666666666,0.5555555555555556,0.5555555555555556,0.0,0.0,0.0,0.07019261519114177,0.07019261519114177,0.09359015358818902,0.09359015358818902,0.0,0.0,0.0
innovation,275000002,valid:lambda3:273000002:analytic,lambda3,1,analytic,5,3,2,1.0,0.6,1.0,1.0,-0.4,0.0,0.0,0.0,0.038322830200195314,0.0,0.0,0.038322830200195314,0.0,0.0
innovation,275000002,valid:lambda3:273000003:period4_hold,lambda3,2,period4_hold,1641,3,1638,0.5435709932967703,0.7635588056063376,0.5427350427350427,0.7637362637362637,-0.0006093845216331506,0.2205971968312005,-0.0004040241700205005,0.014780729446085687,0.0042107231656201794,0.014807800379137126,0.004176581735576028,4.1776862833138137e-05,-0.010611783143298645,1.943550026245293e-05
innovation,275000002,valid:lambda3:273000003:analytic,lambda3,2,analytic,3,3,0,1.0,1.0,0.0,0.0,0.0,0.0,0.0,0.0,0.0,0.0,0.0,0.0,0.0,0.0
innovation,275000002,valid:lambda3:273000003:neural,lambda3,2,neural,3,3,0,1.0,1.0,0.0,0.0,0.0,0.0,0.0,0.0,0.0,0.0,0.0,0.0,0.0,0.0
innovation,275000002,valid:lambda3:273000004:analytic,lambda3,3,analytic,102,3,99,0.7843137254901961,0.803921568627451,0.7878787878787878,0.797979797979798,0.00980392156862745,0.00980392156862745,-0.0002970885323827152,0.06199096230899587,0.05436582191317689,0.062265203456686,0.05601327106206104,-0.0015570883657418046,-0.006068052030077167,0.0001838803645477921
innovation,275000002,valid:lambda3:273000004:neural,lambda3,3,neural,105,3,102,0.8,0.780952380952381,0.803921568627451,0.7745098039215687,0.009523809523809525,-0.02857142857142857,0.0008403361344537889,0.0516508420308431,0.05953227906000046,0.05161289607777315,0.061283228444118126,-0.0015126001267206101,0.009394037155877976,-0.0002762952104670025
innovation,275000002,valid:lambda3:273000004:period4_hold,lambda3,3,period4_hold,61,3,58,0.7377049180327869,0.6229508196721312,0.7586206896551724,0.6379310344827587,0.0,-0.11475409836065574,0.005935556811757961,0.06385424879730725,0.09276976350878106,0.0622170875812399,0.09262819947867558,3.126801037397541e-08,0.028915483443463435,-0.001495628453972244
innovation,275000002,valid:lambda3:273000005:neural,lambda3,4,neural,1,1,0,1.0,1.0,0.0,0.0,0.0,0.0,0.0,0.0,0.0,0.0,0.0,0.0,0.0,0.0
innovation,275000002,valid:lambda3:273000005:period4_hold,lambda3,4,period4_hold,1641,3,1638,0.6392443631931749,0.4887263863497867,0.6398046398046398,0.4877899877899878,0.001218769043266301,-0.15173674588665448,0.0002779061279974959,0.01694199386564135,0.020561060333019493,0.016918065201522958,0.020598717952677037,-5.4857485327758417e-05,0.0036739239527058994,-6.7287984481800844e-06
innovation,275000002,valid:lambda3:273000005:analytic,lambda3,4,analytic,1,1,0,1.0,1.0,0.0,0.0,0.0,0.0,0.0,0.0,0.0,0.0,0.0,0.0,0.0,0.0
innovation,275000002,valid:lambda3:273000006:period4_hold,lambda3,5,period4_hold,1641,3,1638,0.6825106642291285,0.931139549055454,0.6825396825396826,0.931013431013431,0.0006093845216331506,0.24801950030469225,-0.00045424816905623167,0.05673968857341536,0.010592189596456265,0.056744153974111554,0.010611589211101788,-9.927162667878294e-05,-0.046048227350280316,8.433741272945161e-05
innovation,275000002,valid:lambda3:273000006:analytic,lambda3,5,analytic,14,3,11,0.6428571428571429,0.5714285714285714,0.5454545454545454,0.5454545454545454,-0.07142857142857142,0.0,0.0,0.27593793187822613,0.18565569605146134,0.3511937314813787,0.15417328747836026,0.06451954160417829,-0.1548017774309431,0.042218666572075375
innovation,275000002,valid:lambda3:273000006:neural,lambda3,5,neural,18,3,15,0.6111111111111112,0.5555555555555556,0.5333333333333333,0.5333333333333333,-0.05555555555555555,0.0,0.0,0.1866735882229275,0.24086199866400826,0.22400830586751302,0.2288161595662435,0.05018186569213867,0.004006544748942058,-0.0008013089497884056
innovation,275000002,valid:lambda4:274000001:analytic,lambda4,0,analytic,25,3,22,0.6,0.64,0.5909090909090909,0.6363636363636364,0.0,0.04,-0.005454545454545413,0.1503470039367676,0.1375971794128418,0.16862472620877353,0.15413628924976697,0.0,-0.012749824523925781,0.001738612435080781
innovation,275000002,valid:lambda4:274000001:neural,lambda4,0,neural,18,3,15,0.3333333333333333,0.4444444444444444,0.26666666666666666,0.3333333333333333,0.05555555555555555,0.05555555555555555,-0.0111111111111111,0.17718744277954102,0.10747342639499241,0.2093631108601888,0.1289681116739909,-0.0027181837293836805,-0.06699583265516493,0.013399166531032985
innovation,275000002,valid:lambda4:274000001:period4_hold,lambda4,0,period4_hold,1641,3,1638,0.45460085313833026,0.5551492992078001,0.4542124542124542,0.5543345543345544,0.0006093845216331506,0.09993906154783669,-0.0001830385742634666,0.01910189925570956,0.014498159843272802,0.019107014268309207,0.014524713249579163,-2.981554364954677e-05,-0.0045739238687872085,8.377149942835442e-06
innovation,275000002,valid:lambda4:274000002:neural,lambda4,1,neural,1,1,0,1.0,1.0,0.0,0.0,0.0,0.0,0.0,0.0,0.0,0.0,0.0,0.0,0.0,0.0
innovation,275000002,valid:lambda4:274000002:period4_hold,lambda4,1,period4_hold,1641,3,1638,0.5313833028641073,0.5161486898232784,0.5311355311355311,0.5152625152625152,0.0006093845216331506,-0.015843997562461912,2.9018310554015242e-05,0.014389734454157874,0.012695335746174683,0.014416088696946737,0.012718587276845333,-5.811543670970445e-10,-0.001694398126828823,3.1032932725808763e-06
innovation,275000002,valid:lambda4:274000002:analytic,lambda4,1,analytic,1,1,0,1.0,1.0,0.0,0.0,0.0,0.0,0.0,0.0,0.0,0.0,0.0,0.0,0.0,0.0
innovation,275000002,valid:lambda4:274000003:period4_hold,lambda4,2,period4_hold,1641,3,1638,0.5868372943327239,0.720901889092017,0.5873015873015873,0.721001221001221,0.0006093845216331506,0.13345521023765997,-0.0002444234619737029,0.08529233097085714,0.0440871650165788,0.08543420573002836,0.04415357360327491,-1.162308734194089e-09,-0.04120516479196961,7.546733478383527e-05
innovation,275000002,valid:lambda4:274000003:analytic,lambda4,2,analytic,1,1,0,0.0,0.0,0.0,0.0,0.0,0.0,0.0,9.5367431640625e-07,9.5367431640625e-07,0.0,0.0,0.0,0.0,0.0
innovation,275000002,valid:lambda4:274000003:neural,lambda4,2,neural,3,3,0,0.6666666666666666,1.0,0.0,0.0,0.3333333333333333,0.0,0.0,6.357828776041666e-07,0.0,0.0,0.0,-6.357828776041666e-07,0.0,0.0
innovation,275000002,valid:lambda4:274000004:analytic,lambda4,3,analytic,20,3,17,0.65,0.7,0.7058823529411765,0.7058823529411765,0.05,0.0,0.0,0.1298527240753174,0.10934855937957763,0.13099518944235408,0.12576706269208124,-0.016060256958007814,-0.004443907737731933,0.0007842190125409102
innovation,275000002,valid:lambda4:274000004:neural,lambda4,3,neural,15,3,12,0.4666666666666667,0.7333333333333333,0.5,0.6666666666666666,0.13333333333333333,0.13333333333333333,-0.0333333333333333,0.31929950714111327,0.06942586898803711,0.3802177906036377,0.08678233623504639,-0.015125274658203125,-0.23474836349487305,0.05868709087371826
innovation,275000002,valid:lambda4:274000004:period4_hold,lambda4,3,period4_hold,47,3,44,0.6170212765957447,0.723404255319149,0.6363636363636364,0.7045454545454546,0.0425531914893617,0.06382978723404255,-0.004352030947775684,0.13640455489462994,0.10560218324052527,0.1405485218221491,0.1128023320978338,-0.004827215316447806,-0.025975156337656874,0.0017710333866584327
innovation,275000002,valid:lambda4:274000005:neural,lambda4,4,neural,82,3,79,0.8902439024390244,0.9146341463414634,0.8987341772151899,0.9113924050632911,0.012195121951219513,0.012195121951219513,-0.00046310589688170964,0.02115743916209151,0.019643539335669542,0.020026231113868424,0.020389496525631674,-0.0018638750401938835,0.00034997521377191313,-1.329019799133687e-05
innovation,275000002,valid:lambda4:274000005:period4_hold,lambda4,4,period4_hold,1641,3,1638,0.15783059110298597,0.5393053016453382,0.1562881562881563,0.5384615384615384,0.0,0.3814747105423522,-0.0006986716310299346,0.13300804064667565,0.06246774135603547,0.13325164511672452,0.06258215113873883,0.0,-0.0705402992906402,0.0001291946873454991
innovation,275000002,valid:lambda4:274000005:analytic,lambda4,4,analytic,94,3,91,0.7446808510638298,0.8085106382978723,0.7472527472527473,0.8021978021978022,0.010638297872340425,0.05319148936170213,-0.0017535655833528438,0.10888539476597563,0.08386644911258778,0.11079548741434957,0.08663127710531046,-0.0016259335457010473,-0.023393012107686795,0.0007711982013523105
innovation,275000002,valid:lambda4:274000006:period4_hold,lambda4,5,period4_hold,0,0,0,0.0,0.0,0.0,0.0,0.0,0.0,0.0,0.0,0.0,0.0,0.0,0.0,0.0,0.0
innovation,275000002,valid:lambda4:274000006:analytic,lambda4,5,analytic,5,3,2,0.6,0.6,1.0,1.0,0.0,0.0,0.0,0.12917213439941405,0.14963436126708984,0.0,0.0,0.020462226867675782,0.0,0.0
innovation,275000002,valid:lambda4:274000006:neural,lambda4,5,neural,0,0,0,0.0,0.0,0.0,0.0,0.0,0.0,0.0,0.0,0.0,0.0,0.0,0.0,0.0,0.0
innovation,275000003,valid:lambda3:273000001:analytic,lambda3,0,analytic,9,3,6,0.7777777777777778,0.6666666666666666,0.8333333333333334,0.8333333333333334,-0.1111111111111111,0.0,0.0,0.16691006554497612,0.17502498626708984,0.1246045430501302,0.1246045430501302,0.008114920722113715,0.0,0.0
innovation,275000003,valid:lambda3:273000001:neural,lambda3,0,neural,9,3,6,0.7777777777777778,0.6666666666666666,0.8333333333333334,0.8333333333333334,-0.1111111111111111,0.0,0.0,0.16691006554497612,0.17502498626708984,0.1246045430501302,0.1246045430501302,0.008114920722113715,0.0,0.0
innovation,275000003,valid:lambda3:273000001:period4_hold,lambda3,0,period4_hold,1641,3,1638,0.6575258988421694,0.65569774527727,0.6568986568986569,0.6556776556776557,-0.0006093845216331506,-0.001218769043266301,2.232177734915559e-06,0.02295209902368763,0.020998527261267923,0.022994135835086325,0.020992398625910645,4.450596374102586e-05,-0.001998077726160732,3.6594830149483913e-06
innovation,275000003,valid:lambda3:273000002:neural,lambda3,1,neural,5,3,2,0.8,0.8,1.0,1.0,0.0,0.0,0.0,0.04223575592041016,0.05509605407714844,0.0,0.0,0.012860298156738281,0.0,0.0
innovation,275000003,valid:lambda3:273000002:period4_hold,lambda3,1,period4_hold,12,3,9,0.5833333333333334,0.5833333333333334,0.5555555555555556,0.4444444444444444,0.08333333333333333,-0.08333333333333333,0.027777777777777832,0.13955732186635336,0.17699058850606283,0.16261212031046549,0.2359874513414171,-0.01759823163350423,0.05503149827321371,-0.01834383275773791
innovation,275000003,valid:lambda3:273000002:analytic,lambda3,1,analytic,5,3,2,0.8,0.8,1.0,1.0,0.0,0.0,0.0,0.04223575592041016,0.05509605407714844,0.0,0.0,0.012860298156738281,0.0,0.0
innovation,275000003,valid:lambda3:273000003:period4_hold,lambda3,2,period4_hold,1641,3,1638,0.4040219378427788,0.6429006703229738,0.40354090354090355,0.6422466422466423,0.0006093845216331506,0.23826934795856186,-0.00043639074717688464,0.020653073486941825,0.00893377778299112,0.020649046251625367,0.008950140013362898,-4.1776862833138137e-05,-0.011677518841117566,2.1387397144903217e-05
innovation,275000003,valid:lambda3:273000003:analytic,lambda3,2,analytic,3,3,0,1.0,1.0,0.0,0.0,0.0,0.0,0.0,0.0,0.0,0.0,0.0,0.0,0.0,0.0
innovation,275000003,valid:lambda3:273000003:neural,lambda3,2,neural,3,3,0,1.0,1.0,0.0,0.0,0.0,0.0,0.0,0.0,0.0,0.0,0.0,0.0,0.0,0.0
innovation,275000003,valid:lambda3:273000004:analytic,lambda3,3,analytic,102,3,99,0.7156862745098039,0.7647058823529411,0.7272727272727273,0.7575757575757576,0.0196078431372549,0.029411764705882353,-0.0008912655971479236,0.09590877271166035,0.07538388757144704,0.09420632834386344,0.07766824780088483,-0.004473218730851716,-0.016051666409361596,0.0004864141336170212
innovation,275000003,valid:lambda3:273000004:neural,lambda3,3,neural,105,3,102,0.780952380952381,0.8476190476190476,0.7941176470588235,0.8431372549019608,0.01904761904761905,0.047619047619047616,-0.0014005602240896864,0.05669105620611282,0.026920286814371745,0.05388522148132324,0.027712059955970914,-0.00434541248139881,-0.025425356910342263,0.0007478046150100649
innovation,275000003,valid:lambda3:273000004:period4_hold,lambda3,3,period4_hold,61,3,58,0.6557377049180327,0.6557377049180327,0.6551724137931034,0.6551724137931034,0.0,0.0,0.0,0.09605543730688877,0.1511360230993052,0.09974129446621599,0.1576709089608028,-3.126801037397541e-08,0.05508061706042681,-0.0028489974341599986
innovation,275000003,valid:lambda3:273000005:neural,lambda3,4,neural,1,1,0,1.0,1.0,0.0,0.0,0.0,0.0,0.0,0.0,0.0,0.0,0.0,0.0,0.0,0.0
innovation,275000003,valid:lambda3:273000005:period4_hold,lambda3,4,period4_hold,1641,3,1638,0.5307739183424741,0.5118829981718465,0.5299145299145299,0.510989010989011,0.0,-0.018890920170627667,3.459875489130251e-05,0.018557879054495505,0.02052637544221663,0.0185918678439726,0.020563969536433146,0.0,0.001968496387721125,-3.6053047394193037e-06
innovation,275000003,valid:lambda3:273000005:analytic,lambda3,4,analytic,1,1,0,1.0,1.0,0.0,0.0,0.0,0.0,0.0,0.0,0.0,0.0,0.0,0.0,0.0,0.0
innovation,275000003,valid:lambda3:273000006:period4_hold,lambda3,5,period4_hold,1641,3,1638,0.45460085313833026,0.7336989640463132,0.4536019536019536,0.7332112332112332,0.0,0.2790981109079829,-0.0005111687012966382,0.09053057050792129,0.04116361828419873,0.09069637741361346,0.04123900952647748,0.0,-0.04936695222372256,9.041566341341789e-05
innovation,275000003,valid:lambda3:273000006:analytic,lambda3,5,analytic,14,3,11,0.6428571428571429,0.7142857142857143,0.5454545454545454,0.6363636363636364,0.0,0.07142857142857142,-0.019480519480519515,0.3392328534807478,0.1134211676461356,0.4317509044300426,0.14435421336780896,0.0,-0.22581168583461217,0.061585005227621475
innovation,275000003,valid:lambda3:273000006:neural,lambda3,5,neural,18,3,15,0.6111111111111112,0.5,0.5333333333333333,0.4,0.0,-0.1111111111111111,0.0222222222222222,0.20556582344902885,0.21508344014485678,0.24667898813883463,0.2581001281738281,0.0,0.009517616695827909,-0.0019035233391655679
innovation,275000003,valid:lambda4:274000001:analytic,lambda4,0,analytic,25,3,22,0.64,0.64,0.5909090909090909,0.6363636363636364,-0.04,0.04,-0.005454545454545413,0.14821310043334962,0.10696882247924805,0.16842397776517,0.11933133818886497,0.001957244873046875,-0.04320152282714844,0.0058911167491566
innovation,275000003,valid:lambda4:274000001:neural,lambda4,0,neural,18,3,15,0.3888888888888889,0.4444444444444444,0.26666666666666666,0.3333333333333333,0.0,0.05555555555555555,-0.0111111111111111,0.23069916831122506,0.1415699323018392,0.27683900197347006,0.16988391876220704,0.0,-0.08912923600938585,0.01782584720187716
innovation,275000003,valid:lambda4:274000001:period4_hold,lambda4,0,period4_hold,1641,3,1638,0.3802559414990859,0.40219378427787933,0.3791208791208791,0.4010989010989011,0.0,0.021937842778793418,-4.0179199228593254e-05,0.023013924622521175,0.0529861070992088,0.02305607466761737,0.05308315125140515,0.0,0.02997218247668762,-5.489410710015838e-05
innovation,275000003,valid:lambda4:274000002:neural,lambda4,1,neural,1,1,0,0.0,0.0,0.0,0.0,0.0,0.0,0.0,0.059101104736328125,0.059101104736328125,0.0,0.0,0.0,0.0,0.0
innovation,275000003,valid:lambda4:274000002:period4_hold,lambda4,1,period4_hold,1641,3,1638,0.3973187081048141,0.48628884826325414,0.3968253968253968,0.48595848595848595,0.0,0.08897014015843997,-0.0001629489746491769,0.019251393080484132,0.01509331552667054,0.019250570781647214,0.015084877701178284,0.0,-0.004158077553813593,7.615526655337275e-06
innovation,275000003,valid:lambda4:274000002:analytic,lambda4,1,analytic,1,1,0,0.0,0.0,0.0,0.0,0.0,0.0,0.0,0.059101104736328125,0.059101104736328125,0.0,0.0,0.0,0.0,0.0
innovation,275000003,valid:lambda4:274000003:period4_hold,lambda4,2,period4_hold,1641,3,1638,0.7580743449116393,0.43205362583790374,0.7588522588522588,0.43284493284493286,-0.0006093845216331506,-0.32541133455210236,0.000595991455223599,0.033136540110121404,0.1365969165079046,0.03318289144280775,0.13683275512723259,5.811543670970445e-10,0.10346037581662881,-0.00018948786779601767
innovation,275000003,valid:lambda4:274000003:analytic,lambda4,2,analytic,1,1,0,1.0,0.0,0.0,0.0,-1.0,0.0,0.0,0.0,9.5367431640625e-07,0.0,0.0,9.5367431640625e-07,0.0,0.0
innovation,275000003,valid:lambda4:274000003:neural,lambda4,2,neural,3,3,0,0.3333333333333333,0.3333333333333333,0.0,0.0,0.0,0.0,0.0,0.13674100240071616,0.1777623494466146,0.0,0.0,0.04102134704589844,0.0,0.0
innovation,275000003,valid:lambda4:274000004:analytic,lambda4,3,analytic,20,3,17,0.75,0.7,0.8235294117647058,0.7058823529411765,0.05,-0.1,0.01764705882352932,0.11252973079681397,0.13006813526153566,0.09295427097993739,0.15014303431791418,-0.031072044372558595,0.04861044883728027,-0.008578314500696516
innovation,275000003,valid:lambda4:274000004:neural,lambda4,3,neural,15,3,12,0.4666666666666667,0.7333333333333333,0.3333333333333333,0.6666666666666666,0.0,0.26666666666666666,-0.06666666666666665,0.3904991149902344,0.0766596794128418,0.48812389373779297,0.09582459926605225,0.0,-0.3138394355773926,0.07845985889434814
innovation,275000003,valid:lambda4:274000004:period4_hold,lambda4,3,period4_hold,47,3,44,0.574468085106383,0.6595744680851063,0.5454545454545454,0.6363636363636364,0.0,0.0851063829787234,-0.005802707930367537,0.15202788089184052,0.09872321879610102,0.1623934182253751,0.10545434735038063,0.0,-0.05330466209573949,0.0036344087792549717
innovation,275000003,valid:lambda4:274000005:neural,lambda4,4,neural,82,3,79,0.8658536585365854,0.9024390243902439,0.8734177215189873,0.8987341772151899,0.012195121951219513,0.024390243902439025,-0.0009262117937635303,0.03560755892497737,0.019553289180848657,0.03502508960192716,0.020295819149741642,-0.0018638750401938835,-0.014190394703934833,0.0005388757482506883
innovation,275000003,valid:lambda4:274000005:period4_hold,lambda4,4,period4_hold,1641,3,1638,0.06764168190127971,0.22425350396099938,0.06593406593406594,0.22283272283272285,0.0,0.15661182205971969,-0.00028683483893721107,0.15331018784654932,0.136702106392725,0.15359097573637817,0.13695247655095344,0.0,-0.01660808145382432,3.0417731600413528e-05
innovation,275000003,valid:lambda4:274000005:analytic,lambda4,4,analytic,94,3,91,0.7021276595744681,0.7872340425531915,0.7032967032967034,0.7802197802197802,0.010638297872340425,0.07446808510638298,-0.0024549918166938967,0.13344377659736795,0.09793437288162556,0.13616348622919439,0.10116297858101982,-0.0016259335457010473,-0.03388347017004135,0.0011170374781332218
innovation,275000003,valid:lambda4:274000006:period4_hold,lambda4,5,period4_hold,0,0,0,0.0,0.0,0.0,0.0,0.0,0.0,0.0,0.0,0.0,0.0,0.0,0.0,0.0,0.0
innovation,275000003,valid:lambda4:274000006:analytic,lambda4,5,analytic,5,3,2,1.0,0.6,1.0,1.0,-0.4,0.0,0.0,0.0,0.14963436126708984,0.0,0.0,0.14963436126708984,0.0,0.0
innovation,275000003,valid:lambda4:274000006:neural,lambda4,5,neural,0,0,0,0.0,0.0,0.0,0.0,0.0,0.0,0.0,0.0,0.0,0.0,0.0,0.0,0.0,0.0
innovation_gru,275000001,valid:lambda3:273000001:analytic,lambda3,0,analytic,9,3,6,0.6666666666666666,0.5555555555555556,0.6666666666666666,0.6666666666666666,-0.1111111111111111,0.0,0.0,0.21778265635172525,0.30162302652994794,0.17607752482096353,0.17607752482096353,0.08384037017822266,0.0,0.0
innovation_gru,275000001,valid:lambda3:273000001:neural,lambda3,0,neural,9,3,6,0.6666666666666666,0.5555555555555556,0.6666666666666666,0.6666666666666666,-0.1111111111111111,0.0,0.0,0.21778265635172525,0.30162302652994794,0.17607752482096353,0.17607752482096353,0.08384037017822266,0.0,0.0
innovation_gru,275000001,valid:lambda3:273000001:period4_hold,lambda3,0,period4_hold,1641,3,1638,0.5161486898232784,0.40036563071297987,0.5152625152625152,0.3992673992673993,0.0,-0.1157830591102986,0.00021205688481731877,0.017114083553363024,0.022077987137398728,0.017145428028735487,0.02211842301127675,0.0,0.004963903584035702,-9.091398505559414e-06
innovation_gru,275000001,valid:lambda3:273000002:neural,lambda3,1,neural,5,3,2,1.0,0.6,1.0,1.0,-0.4,0.0,0.0,0.0,0.038322830200195314,0.0,0.0,0.038322830200195314,0.0,0.0
innovation_gru,275000001,valid:lambda3:273000002:period4_hold,lambda3,1,period4_hold,12,3,9,0.6666666666666666,0.75,0.5555555555555556,0.6666666666666666,0.0,0.08333333333333333,-0.02777777777777772,0.11733520030975342,0.04013224442799886,0.1564469337463379,0.053509659237331815,0.0,-0.07720295588175456,0.02573431862725152
innovation_gru,275000001,valid:lambda3:273000002:analytic,lambda3,1,analytic,5,3,2,1.0,0.6,1.0,1.0,-0.4,0.0,0.0,0.0,0.038322830200195314,0.0,0.0,0.038322830200195314,0.0,0.0
innovation_gru,275000001,valid:lambda3:273000003:period4_hold,lambda3,2,period4_hold,1641,3,1638,0.45399146861669715,0.7349177330895795,0.452991452991453,0.7350427350427351,-0.0006093845216331506,0.28153564899451555,-0.0005156330567665512,0.01681594133812941,0.008830770931906413,0.01684673976548862,0.008598960071838527,0.00024753107957764417,-0.008232701485800641,1.5078207849451158e-05
innovation_gru,275000001,valid:lambda3:273000003:analytic,lambda3,2,analytic,3,3,0,1.0,0.6666666666666666,0.0,0.0,-0.3333333333333333,0.0,0.0,0.0,0.19847329457600912,0.0,0.0,0.19847329457600912,0.0,0.0
innovation_gru,275000001,valid:lambda3:273000003:neural,lambda3,2,neural,3,3,0,1.0,0.6666666666666666,0.0,0.0,-0.3333333333333333,0.0,0.0,0.0,0.19847329457600912,0.0,0.0,0.19847329457600912,0.0,0.0
innovation_gru,275000001,valid:lambda3:273000004:analytic,lambda3,3,analytic,102,3,99,0.8529411764705882,0.8333333333333334,0.8484848484848485,0.8282828282828283,0.0,-0.0196078431372549,0.0005941770647653194,0.03283593233893899,0.037318725211947575,0.03383096059163412,0.03844959567291568,0.0,0.004482792873008579,-0.00013584220827298193
innovation_gru,275000001,valid:lambda3:273000004:neural,lambda3,3,neural,105,3,102,0.8476190476190476,0.780952380952381,0.8431372549019608,0.7745098039215687,0.0,-0.06666666666666667,0.0019607843137254694,0.02846706027076358,0.049778288886660624,0.02930432674931545,0.05124235620685652,0.0,0.021311228615897043,-0.000626800841644029
innovation_gru,275000001,valid:lambda3:273000004:period4_hold,lambda3,3,period4_hold,61,3,58,0.5737704918032787,0.5901639344262295,0.5862068965517241,0.603448275862069,0.0,0.01639344262295082,-0.0008479366873940415,0.11284745325807666,0.1486442753526031,0.11374439042190025,0.1513927722799367,0.0,0.03579682209452645,-0.001851559763509994
innovation_gru,275000001,valid:lambda3:273000005:neural,lambda3,4,neural,1,1,0,1.0,1.0,0.0,0.0,0.0,0.0,0.0,0.0,0.0,0.0,0.0,0.0,0.0,0.0
innovation_gru,275000001,valid:lambda3:273000005:period4_hold,lambda3,4,period4_hold,1641,3,1638,0.5801340645947592,0.6593540524070689,0.5793650793650794,0.6593406593406593,-0.0006093845216331506,0.07982937233394272,-0.00014620764163719713,0.01844091563599637,0.016659197176759524,0.01847469020675827,0.016634751152206254,5.485690417339132e-05,-0.0018365753634102383,3.3636911417761223e-06
innovation_gru,275000001,valid:lambda3:273000005:analytic,lambda3,4,analytic,1,1,0,1.0,1.0,0.0,0.0,0.0,0.0,0.0,0.0,0.0,0.0,0.0,0.0,0.0,0.0
innovation_gru,275000001,valid:lambda3:273000006:period4_hold,lambda3,5,period4_hold,1641,3,1638,0.8062157221206582,0.9591712370505789,0.8058608058608059,0.9597069597069597,-0.0006093845216331506,0.15356489945155394,-0.00028125439459991686,0.0399315232260063,0.0065783371219251445,0.040004657883929394,0.006490931915567326,9.927162667878294e-05,-0.033452457730759944,6.126823760212174e-05
innovation_gru,275000001,valid:lambda3:273000006:analytic,lambda3,5,analytic,14,3,11,0.5714285714285714,0.5,0.45454545454545453,0.5454545454545454,-0.14285714285714285,0.07142857142857142,-0.01948051948051946,0.2502927439553397,0.40020179748535156,0.3185544013977051,0.3476858139038086,0.12702008656093053,0.022888966969081333,-0.006242445537022183
innovation_gru,275000001,valid:lambda3:273000006:neural,lambda3,5,neural,18,3,15,0.6111111111111112,0.6666666666666666,0.5333333333333333,0.7333333333333333,-0.1111111111111111,0.16666666666666666,-0.0333333333333333,0.24352476331922743,0.22666067547268337,0.2922297159830729,0.15344072977701823,0.09879340065850152,-0.11565748850504558,0.0231314977010091
innovation_gru,275000001,valid:lambda4:274000001:analytic,lambda4,0,analytic,25,3,22,0.64,0.64,0.6363636363636364,0.6363636363636364,0.0,0.0,0.0,0.11417924880981445,0.10887632369995118,0.12752500447359952,0.12149895321239125,0.0,-0.005302925109863282,0.0007231261513449862
innovation_gru,275000001,valid:lambda4:274000001:neural,lambda4,0,neural,18,3,15,0.2222222222222222,0.3333333333333333,0.26666666666666666,0.3333333333333333,0.05555555555555555,0.05555555555555555,-0.0111111111111111,0.16109069188435873,0.10627147886488172,0.18270041147867838,0.1201791763305664,-0.0027181837293836805,-0.05210102929009332,0.010420205858018658
innovation_gru,275000001,valid:lambda4:274000001:period4_hold,lambda4,0,period4_hold,1641,3,1638,0.6569165143205362,0.5502742230347349,0.6581196581196581,0.5506715506715507,0.0006093845216331506,-0.10725167580743449,0.0001964316406729144,0.011328856295597836,0.013951852073181264,0.011252458424504131,0.013910128374530574,-2.981554364954677e-05,0.002652811321232974,-4.858628793468628e-06
innovation_gru,275000001,valid:lambda4:274000002:neural,lambda4,1,neural,1,1,0,1.0,1.0,0.0,0.0,0.0,0.0,0.0,0.0,0.0,0.0,0.0,0.0,0.0,0.0
innovation_gru,275000001,valid:lambda4:274000002:period4_hold,lambda4,1,period4_hold,1641,3,1638,0.5106642291285801,0.5722120658135283,0.5097680097680097,0.5714285714285714,0.0,0.061547836684948204,-0.00011272497561345962,0.018975166704943817,0.012777654228233695,0.019009919757516976,0.012801056525355002,0.0,-0.006197512476710122,1.1350755451851498e-05
innovation_gru,275000001,valid:lambda4:274000002:analytic,lambda4,1,analytic,1,1,0,1.0,1.0,0.0,0.0,0.0,0.0,0.0,0.0,0.0,0.0,0.0,0.0,0.0,0.0
innovation_gru,275000001,valid:lambda4:274000003:period4_hold,lambda4,2,period4_hold,1641,3,1638,0.6252285191956124,0.4990859232175503,0.6257631257631258,0.4993894993894994,0.0,-0.12614259597806216,0.00023103039556421345,0.0545829846174669,0.07801416354670458,0.05453313459552397,0.07800722777188479,0.0,0.023431178929237677,-4.29142471231464e-05
innovation_gru,275000001,valid:lambda4:274000003:analytic,lambda4,2,analytic,1,1,0,1.0,1.0,0.0,0.0,0.0,0.0,0.0,0.0,0.0,0.0,0.0,0.0,0.0,0.0
innovation_gru,275000001,valid:lambda4:274000003:neural,lambda4,2,neural,3,3,0,0.6666666666666666,0.6666666666666666,0.0,0.0,0.0,0.0,0.0,6.357828776041666e-07,6.357828776041666e-07,0.0,0.0,0.0,0.0,0.0
innovation_gru,275000001,valid:lambda4:274000004:analytic,lambda4,3,analytic,20,3,17,0.6,0.45,0.5882352941176471,0.4117647058823529,0.0,-0.15,0.026470588235294162,0.12796616554260254,0.2514206886291504,0.14767012876622818,0.29291074416216684,0.0,0.12345452308654785,-0.02178609230939081
innovation_gru,275000001,valid:lambda4:274000004:neural,lambda4,3,neural,15,3,12,0.4,0.4666666666666667,0.4166666666666667,0.5,0.0,0.06666666666666667,-0.01666666666666665,0.1544034004211426,0.1663023312886556,0.17409765720367432,0.1714855432510376,0.013988622029622396,-0.002089691162109375,0.0005224227905273439
innovation_gru,275000001,valid:lambda4:274000004:period4_hold,lambda4,3,period4_hold,47,3,44,0.6595744680851063,0.6382978723404256,0.6818181818181818,0.6590909090909091,0.0,-0.02127659574468085,0.0014506769825918565,0.12151280869828894,0.12516831337137424,0.1246414292942394,0.12377732450311835,0.00446445383924119,-0.000808949166155876,5.515562496517215e-05
innovation_gru,275000001,valid:lambda4:274000005:neural,lambda4,4,neural,82,3,79,0.9024390243902439,0.8902439024390244,0.9113924050632911,0.8987341772151899,0.0,-0.012195121951219513,0.00046310589688170964,0.017005769217886577,0.0297384203934088,0.017467390132855764,0.030683559707448453,0.0,0.012732651175522223,-0.0004835183990704664
innovation_gru,275000001,valid:lambda4:274000005:period4_hold,lambda4,4,period4_hold,1641,3,1638,0.43144424131627057,0.4893357708714199,0.43040293040293043,0.4884004884004884,0.0,0.0578915295551493,-0.00010602844240865938,0.06706967889935704,0.08588650740914633,0.06719251713909946,0.08604380870476747,0.0,0.01881682850978928,-3.4463055878723725e-05
innovation_gru,275000001,valid:lambda4:274000005:analytic,lambda4,4,analytic,94,3,91,0.8085106382978723,0.8404255319148937,0.8021978021978022,0.8351648351648352,0.0,0.031914893617021274,-0.0010521393500116868,0.0712791808108066,0.06081065725772939,0.07362904391445957,0.0628154042002919,0.0,-0.010468523553077211,0.00034511616109045816
innovation_gru,275000001,valid:lambda4:274000006:period4_hold,lambda4,5,period4_hold,0,0,0,0.0,0.0,0.0,0.0,0.0,0.0,0.0,0.0,0.0,0.0,0.0,0.0,0.0,0.0
innovation_gru,275000001,valid:lambda4:274000006:analytic,lambda4,5,analytic,5,3,2,1.0,0.8,1.0,1.0,-0.2,0.0,0.0,0.0,0.1291719436645508,0.0,0.0,0.1291719436645508,0.0,0.0
innovation_gru,275000001,valid:lambda4:274000006:neural,lambda4,5,neural,0,0,0,0.0,0.0,0.0,0.0,0.0,0.0,0.0,0.0,0.0,0.0,0.0,0.0,0.0,0.0
innovation_gru,275000002,valid:lambda3:273000001:analytic,lambda3,0,analytic,9,3,6,0.5555555555555556,0.7777777777777778,0.5,0.6666666666666666,0.1111111111111111,0.1111111111111111,-0.055555555555555525,0.22519874572753906,0.11738501654730903,0.2120375633239746,0.17607752482096353,-0.08384037017822266,-0.02397335900200738,0.011986679501003697
innovation_gru,275000002,valid:lambda3:273000001:neural,lambda3,0,neural,9,3,6,0.5555555555555556,0.7777777777777778,0.5,0.6666666666666666,0.1111111111111111,0.1111111111111111,-0.055555555555555525,0.22519874572753906,0.11738501654730903,0.2120375633239746,0.17607752482096353,-0.08384037017822266,-0.02397335900200738,0.011986679501003697
innovation_gru,275000002,valid:lambda3:273000001:period4_hold,lambda3,0,period4_hold,1641,3,1638,0.6294942108470445,0.6185252894576477,0.6288156288156288,0.6178266178266179,0.0,-0.010968921389396709,2.0089599614241116e-05,0.017472573564518958,0.017776627281974686,0.017504574615003425,0.017809185207399547,0.0,0.0003040537174557274,-5.5687494039463e-07
innovation_gru,275000002,valid:lambda3:273000002:neural,lambda3,1,neural,5,3,2,0.6,1.0,1.0,1.0,0.4,0.0,0.0,0.038322830200195314,0.0,0.0,0.0,-0.038322830200195314,0.0,0.0
innovation_gru,275000002,valid:lambda3:273000002:period4_hold,lambda3,1,period4_hold,12,3,9,0.8333333333333334,0.75,0.7777777777777778,0.6666666666666666,0.0,-0.08333333333333333,0.027777777777777832,0.03688577810923258,0.05165278911590576,0.04918103747897678,0.06887038548787434,0.0,0.014767011006673178,-0.004922337002224388
innovation_gru,275000002,valid:lambda3:273000002:analytic,lambda3,1,analytic,5,3,2,0.6,1.0,1.0,1.0,0.4,0.0,0.0,0.038322830200195314,0.0,0.0,0.0,-0.038322830200195314,0.0,0.0
innovation_gru,275000002,valid:lambda3:273000003:period4_hold,lambda3,2,period4_hold,1641,3,1638,0.49664838513101767,0.5563680682510664,0.49633699633699635,0.5555555555555556,0.0006093845216331506,0.0591102985984156,-0.0001082606201436298,0.017086187853165184,0.011657219554940642,0.016869496804308395,0.011678569773905734,-0.00024753107957764417,-0.005181437218646899,9.489811755762113e-06
innovation_gru,275000002,valid:lambda3:273000003:analytic,lambda3,2,analytic,3,3,0,1.0,1.0,0.0,0.0,0.0,0.0,0.0,0.0,0.0,0.0,0.0,0.0,0.0,0.0
innovation_gru,275000002,valid:lambda3:273000003:neural,lambda3,2,neural,3,3,0,1.0,1.0,0.0,0.0,0.0,0.0,0.0,0.0,0.0,0.0,0.0,0.0,0.0,0.0
innovation_gru,275000002,valid:lambda3:273000004:analytic,lambda3,3,analytic,102,3,99,0.7843137254901961,0.7843137254901961,0.7777777777777778,0.7878787878787878,-0.00980392156862745,0.00980392156862745,-0.0002970885323826042,0.06445548113654642,0.05829324909285003,0.06640867753462358,0.058455438324899384,0.0015570883657418046,-0.007719320409438189,0.0002339188002860081
innovation_gru,275000002,valid:lambda3:273000004:neural,lambda3,3,neural,105,3,102,0.7904761904761904,0.8380952380952381,0.7843137254901961,0.8431372549019608,-0.009523809523809525,0.05714285714285714,-0.0016806722689075779,0.06361322402954102,0.03954262960524786,0.06548420120688046,0.039148559757307466,0.0015126001267206101,-0.025583194551013766,0.0007524468985592309
innovation_gru,275000002,valid:lambda3:273000004:period4_hold,lambda3,3,period4_hold,61,3,58,0.6885245901639344,0.5245901639344263,0.7068965517241379,0.5344827586206896,0.0,-0.16393442622950818,0.008479366873940103,0.10160793241907339,0.12925183968465837,0.1019235479420629,0.13099731248000573,0.0,0.027643907265584976,-0.0014298572723578547
innovation_gru,275000002,valid:lambda3:273000005:neural,lambda3,4,neural,1,1,0,1.0,1.0,0.0,0.0,0.0,0.0,0.0,0.0,0.0,0.0,0.0,0.0,0.0,0.0
innovation_gru,275000002,valid:lambda3:273000005:period4_hold,lambda3,4,period4_hold,1641,3,1638,0.6611822059719683,0.6361974405850092,0.6611721611721612,0.6355311355311355,0.0006093845216331506,-0.025594149908592323,4.687573243333798e-05,0.016710366656473685,0.01706366521566834,0.016686014348916228,0.01709491734976297,-5.485690417339132e-05,0.00040815546336804565,-7.475374786958255e-07
innovation_gru,275000002,valid:lambda3:273000005:analytic,lambda3,4,analytic,1,1,0,1.0,1.0,0.0,0.0,0.0,0.0,0.0,0.0,0.0,0.0,0.0,0.0,0.0,0.0
innovation_gru,275000002,valid:lambda3:273000006:period4_hold,lambda3,5,period4_hold,1641,3,1638,0.5923217550274223,0.6581352833638026,0.5921855921855922,0.6575091575091575,0.0006093845216331506,0.06520414381474711,-0.00011942150881820435,0.059042775144234144,0.05623733982816111,0.0590514586522029,0.056340338619055186,-9.927162667878294e-05,-0.002706163689394247,4.956343753464033e-06
innovation_gru,275000002,valid:lambda3:273000006:analytic,lambda3,5,analytic,14,3,11,0.5714285714285714,0.5714285714285714,0.45454545454545453,0.45454545454545453,0.0,0.0,0.0,0.27956104278564453,0.19356822967529297,0.3558049635453658,0.24635956504128195,0.0,-0.08599281311035156,0.023452585393732267
innovation_gru,275000002,valid:lambda3:273000006:neural,lambda3,5,neural,18,3,15,0.6111111111111112,0.6111111111111112,0.5333333333333333,0.5333333333333333,0.0,0.0,0.0,0.2335544162326389,0.2196630901760525,0.2802652994791667,0.26359570821126305,0.0,-0.013891326056586372,0.0027782652113172556
innovation_gru,275000002,valid:lambda4:274000001:analytic,lambda4,0,analytic,25,3,22,0.44,0.6,0.4090909090909091,0.6363636363636364,-0.04,0.2,-0.027272727272727226,0.30922369003295896,0.23565610885620117,0.34916641495444556,0.26124362512068316,0.003804473876953125,-0.07737205505371093,0.01055073478005146
innovation_gru,275000002,valid:lambda4:274000001:neural,lambda4,0,neural,18,3,15,0.2222222222222222,0.2222222222222222,0.26666666666666666,0.26666666666666666,0.0,0.0,0.0,0.23954666985405815,0.11777914894951715,0.2768475850423177,0.1307265599568685,0.0,-0.12176752090454102,0.024353504180908203
innovation_gru,275000002,valid:lambda4:274000001:period4_hold,lambda4,0,period4_hold,1641,3,1638,0.42230347349177333,0.47592931139549055,0.4230769230769231,0.47680097680097683,0.0,0.05362583790371724,-9.821582033651272e-05,0.02097984263985568,0.018046239612307367,0.020921120567927286,0.017982144641061116,0.0,-0.0029336030275483164,5.372899317854143e-06
innovation_gru,275000002,valid:lambda4:274000002:neural,lambda4,1,neural,1,1,0,1.0,1.0,0.0,0.0,0.0,0.0,0.0,0.0,0.0,0.0,0.0,0.0,0.0,0.0
innovation_gru,275000002,valid:lambda4:274000002:period4_hold,lambda4,1,period4_hold,1641,3,1638,0.3808653260207191,0.3863497867154174,0.3797313797313797,0.38522588522588525,0.0,0.005484460694698354,-1.0044799807176069e-05,0.019474158702573713,0.019339519764576506,0.019509825659904435,0.019374940130445693,0.0,-0.00013463893799720779,2.4659146153420647e-07
innovation_gru,275000002,valid:lambda4:274000002:analytic,lambda4,1,analytic,1,1,0,1.0,1.0,0.0,0.0,0.0,0.0,0.0,0.0,0.0,0.0,0.0,0.0,0.0,0.0
innovation_gru,275000002,valid:lambda4:274000003:period4_hold,lambda4,2,period4_hold,1641,3,1638,0.44302254722730045,0.6124314442413162,0.4438339438339438,0.612942612942613,0.0006093845216331506,0.1687995124923827,-0.0003091566162864712,0.09671475449979923,0.07665473211835899,0.09687754886636513,0.0767951236539708,-1.4310926289764721e-05,-0.020045711455150467,3.6713757243858613e-05
innovation_gru,275000002,valid:lambda4:274000003:analytic,lambda4,2,analytic,1,1,0,0.0,0.0,0.0,0.0,0.0,0.0,0.0,9.5367431640625e-07,9.5367431640625e-07,0.0,0.0,0.0,0.0,0.0
innovation_gru,275000002,valid:lambda4:274000003:neural,lambda4,2,neural,3,3,0,0.6666666666666666,0.6666666666666666,0.0,0.0,0.0,0.0,0.0,6.357828776041666e-07,6.357828776041666e-07,0.0,0.0,0.0,0.0,0.0
innovation_gru,275000002,valid:lambda4:274000004:analytic,lambda4,3,analytic,20,3,17,0.45,0.55,0.4117647058823529,0.5882352941176471,-0.05,0.15,-0.026470588235294162,0.1965261936187744,0.1509399890899658,0.22832898532643037,0.15580373651841106,0.016060256958007814,-0.061646461486816406,0.010878787321202898
innovation_gru,275000002,valid:lambda4:274000004:neural,lambda4,3,neural,15,3,12,0.3333333333333333,0.5333333333333333,0.4166666666666667,0.5833333333333334,0.06666666666666667,0.13333333333333333,-0.033333333333333354,0.2998742421468099,0.0991908073425293,0.33437315622965497,0.10508191585540771,-0.017250442504882814,-0.18343299229939777,0.04585824807484948
innovation_gru,275000002,valid:lambda4:274000004:period4_hold,lambda4,3,period4_hold,47,3,44,0.5106382978723404,0.5319148936170213,0.5454545454545454,0.5454545454545454,0.02127659574468085,0.0,0.0,0.19619623143622217,0.16309666126332384,0.1985360709103671,0.16906054453416305,-0.00550546037389877,-0.027594109798999542,0.0018814165772044998
innovation_gru,275000002,valid:lambda4:274000005:neural,lambda4,4,neural,82,3,79,0.8536585365853658,0.9024390243902439,0.8607594936708861,0.9113924050632911,0.0,0.04878048780487805,-0.0018524235875269496,0.04977406525030369,0.017302687575177448,0.05148005183738998,0.016025096555299396,0.0016864450966439595,-0.0341578227717702,0.0012971325103203826
innovation_gru,275000002,valid:lambda4:274000005:period4_hold,lambda4,4,period4_hold,1641,3,1638,0.16819012797074953,0.22486288848263253,0.16666666666666666,0.22344322344322345,0.0,0.056672760511883,-0.00010379626467379999,0.1317840836383743,0.12132929033945422,0.13202544642892075,0.12155150515692574,0.0,-0.010454793298920068,1.9147973074942412e-05
innovation_gru,275000002,valid:lambda4:274000005:analytic,lambda4,4,analytic,94,3,91,0.7340425531914894,0.7978723404255319,0.7252747252747253,0.8021978021978022,-0.010638297872340425,0.07446808510638298,-0.0024549918166940077,0.12382904012152489,0.07037639617919922,0.12791131616948725,0.07101696140163548,0.0016259335457010473,-0.05507857748802672,0.0018157772798250565
innovation_gru,275000002,valid:lambda4:274000006:period4_hold,lambda4,5,period4_hold,0,0,0,0.0,0.0,0.0,0.0,0.0,0.0,0.0,0.0,0.0,0.0,0.0,0.0,0.0,0.0
innovation_gru,275000002,valid:lambda4:274000006:analytic,lambda4,5,analytic,5,3,2,0.4,0.6,1.0,1.0,0.2,0.0,0.0,0.29987010955810545,0.12917213439941405,0.0,0.0,-0.1706979751586914,0.0,0.0
innovation_gru,275000002,valid:lambda4:274000006:neural,lambda4,5,neural,0,0,0,0.0,0.0,0.0,0.0,0.0,0.0,0.0,0.0,0.0,0.0,0.0,0.0,0.0,0.0
innovation_gru,275000003,valid:lambda3:273000001:analytic,lambda3,0,analytic,9,3,6,0.6666666666666666,0.6666666666666666,0.8333333333333334,0.8333333333333334,0.0,0.0,0.0,0.24557367960611978,0.24557367960611978,0.1246045430501302,0.1246045430501302,0.0,0.0,0.0
innovation_gru,275000003,valid:lambda3:273000001:neural,lambda3,0,neural,9,3,6,0.6666666666666666,0.6666666666666666,0.8333333333333334,0.8333333333333334,0.0,0.0,0.0,0.24557367960611978,0.24557367960611978,0.1246045430501302,0.1246045430501302,0.0,0.0,0.0
innovation_gru,275000003,valid:lambda3:273000001:period4_hold,lambda3,0,period4_hold,1641,3,1638,0.5764777574649604,0.6185252894576477,0.5763125763125763,0.6184371184371185,0.0,0.04204753199268738,-7.701013185481415e-05,0.01863303684302033,0.01810700075427328,0.01866716270190601,0.01796660027370057,0.00017324560375783153,-0.0006992816925048828,1.2807357005588382e-06
innovation_gru,275000003,valid:lambda3:273000002:neural,lambda3,1,neural,5,3,2,0.8,0.8,0.5,0.5,0.0,0.0,0.0,0.09844961166381835,0.09844961166381835,0.2461240291595459,0.2461240291595459,0.0,0.0,0.0
innovation_gru,275000003,valid:lambda3:273000002:period4_hold,lambda3,1,period4_hold,12,3,9,0.6666666666666666,0.5833333333333334,0.5555555555555556,0.4444444444444444,0.0,-0.08333333333333333,0.027777777777777832,0.07019261519114177,0.1321022113164266,0.09359015358818902,0.17613628175523546,0.0,0.06190959612528483,-0.020636532041761614
innovation_gru,275000003,valid:lambda3:273000002:analytic,lambda3,1,analytic,5,3,2,0.8,0.8,0.5,0.5,0.0,0.0,0.0,0.09844961166381835,0.09844961166381835,0.2461240291595459,0.2461240291595459,0.0,0.0,0.0
innovation_gru,275000003,valid:lambda3:273000003:period4_hold,lambda3,2,period4_hold,1641,3,1638,0.4186471663619744,0.6106032906764168,0.4181929181929182,0.6098901098901099,0.0006093845216331506,0.19134673979280925,-0.0003504519043824872,0.018183366181572933,0.00891527963948642,0.017968684616834107,0.008931607990474492,-0.00024753107957764417,-0.009020555462508868,1.652116385074745e-05
innovation_gru,275000003,valid:lambda3:273000003:analytic,lambda3,2,analytic,3,3,0,1.0,1.0,0.0,0.0,0.0,0.0,0.0,0.0,0.0,0.0,0.0,0.0,0.0,0.0
innovation_gru,275000003,valid:lambda3:273000003:neural,lambda3,2,neural,3,3,0,1.0,1.0,0.0,0.0,0.0,0.0,0.0,0.0,0.0,0.0,0.0,0.0,0.0,0.0
innovation_gru,275000003,valid:lambda3:273000004:analytic,lambda3,3,analytic,102,3,99,0.8137254901960784,0.7647058823529411,0.8080808080808081,0.7676767676767676,-0.00980392156862745,-0.0392156862745098,0.0011883541295306388,0.04220771789550781,0.06705112083285462,0.04348673964991714,0.0674787001176314,0.0015570883657418046,0.02328631457160501,-0.0007056458961092471
innovation_gru,275000003,valid:lambda3:273000004:neural,lambda3,3,neural,105,3,102,0.8285714285714286,0.780952380952381,0.8235294117647058,0.7843137254901961,-0.009523809523809525,-0.0380952380952381,0.001120448179271677,0.034422379448300316,0.06985922768002464,0.03543480237325033,0.0703568224813424,0.0015126001267206101,0.03392424810500372,-0.00099777200308835
innovation_gru,275000003,valid:lambda3:273000004:period4_hold,lambda3,3,period4_hold,61,3,58,0.6721311475409836,0.6229508196721312,0.6896551724137931,0.6379310344827587,0.0,-0.04918032786885246,0.002543810062182017,0.11426800587138192,0.16157825657578764,0.11523845277983567,0.1649957854172279,0.0,0.04731025070440574,-0.0024470819329864835
innovation_gru,275000003,valid:lambda3:273000005:neural,lambda3,4,neural,1,1,0,1.0,1.0,0.0,0.0,0.0,0.0,0.0,0.0,0.0,0.0,0.0,0.0,0.0,0.0
innovation_gru,275000003,valid:lambda3:273000005:period4_hold,lambda3,4,period4_hold,1641,3,1638,0.6410725167580743,0.5216331505179769,0.6416361416361417,0.5207570207570208,0.001218769043266301,-0.1206581352833638,0.00022098559575708943,0.017088122080187475,0.02016560599834435,0.01706446105016166,0.020202539342663663,-5.4857485327758417e-05,0.003132341403484635,-5.736889017369379e-06
innovation_gru,275000003,valid:lambda3:273000005:analytic,lambda3,4,analytic,1,1,0,1.0,1.0,0.0,0.0,0.0,0.0,0.0,0.0,0.0,0.0,0.0,0.0,0.0,0.0
innovation_gru,275000003,valid:lambda3:273000006:period4_hold,lambda3,5,period4_hold,1641,3,1638,0.7269957343083485,0.7416209628275442,0.7264957264957265,0.7411477411477412,0.0,0.014625228519195612,-2.67861328190986e-05,0.047914183844450696,0.041460706721276205,0.04800193875991672,0.04153664208157159,0.0,-0.006453477123174487,1.1819555170645285e-05
innovation_gru,275000003,valid:lambda3:273000006:analytic,lambda3,5,analytic,14,3,11,0.42857142857142855,0.5,0.2727272727272727,0.36363636363636365,0.0,0.07142857142857142,-0.019480519480519515,0.41121976716177805,0.228696380342756,0.5233706127513539,0.2910681204362349,0.0,-0.18252338681902205,0.049779105496096904
innovation_gru,275000003,valid:lambda3:273000006:neural,lambda3,5,neural,18,3,15,0.6111111111111112,0.5555555555555556,0.5333333333333333,0.4666666666666667,0.0,-0.05555555555555555,0.0111111111111111,0.24985509448581272,0.18963882658216688,0.29982611338297527,0.22756659189860026,0.0,-0.060216267903645836,0.01204325358072917
innovation_gru,275000003,valid:lambda4:274000001:analytic,lambda4,0,analytic,25,3,22,0.64,0.72,0.6363636363636364,0.7272727272727273,0.0,0.08,-0.010909090909090938,0.1051472282409668,0.04844289779663086,0.11726134473627264,0.05072548172690652,0.00184722900390625,-0.05855155944824219,0.00798430356112393
innovation_gru,275000003,valid:lambda4:274000001:neural,lambda4,0,neural,18,3,15,0.3333333333333333,0.5555555555555556,0.3333333333333333,0.4666666666666667,0.1111111111111111,0.1111111111111111,-0.022222222222222254,0.1546152432759603,0.07656113306681316,0.17819169362386067,0.09187335968017578,-0.006122165256076389,-0.07193194495307074,0.014386388990614146
innovation_gru,275000003,valid:lambda4:274000001:period4_hold,lambda4,0,period4_hold,1641,3,1638,0.42656916514320536,0.43388177940280315,0.4267399267399267,0.43284493284493286,0.001218769043266301,0.006093845216331505,-1.1160888674633523e-05,0.019776472589142943,0.018885784945351404,0.01974541669363504,0.018920374295068165,-6.715354942679769e-05,-0.0008235340943647404,1.5083042021350529e-06
innovation_gru,275000003,valid:lambda4:274000002:neural,lambda4,1,neural,1,1,0,1.0,0.0,0.0,0.0,-1.0,0.0,0.0,0.0,0.059101104736328125,0.0,0.0,0.059101104736328125,0.0,0.0
innovation_gru,275000003,valid:lambda4:274000002:period4_hold,lambda4,1,period4_hold,1641,3,1638,0.41681901279707495,0.42230347349177333,0.4157509157509158,0.42185592185592186,-0.0006093845216331506,0.006093845216331505,-1.1160888674578012e-05,0.017619683929945475,0.018219851198027878,0.017651954413333656,0.018217139628343967,3.6015298437738043e-05,0.0005641519696446616,-1.0332453656493497e-06
innovation_gru,275000003,valid:lambda4:274000002:analytic,lambda4,1,analytic,1,1,0,1.0,0.0,0.0,0.0,-1.0,0.0,0.0,0.0,0.059101104736328125,0.0,0.0,0.059101104736328125,0.0,0.0
innovation_gru,275000003,valid:lambda4:274000003:period4_hold,lambda4,2,period4_hold,1641,3,1638,0.7574649603900061,0.7946374162096282,0.7582417582417582,0.7954822954822954,0.0,0.03717245581962218,-6.808142091503655e-05,0.03692408148505788,0.037364803240983534,0.036977369706709305,0.03741889864533812,0.0,0.00044072175592565447,-8.071827031626245e-07
innovation_gru,275000003,valid:lambda4:274000003:analytic,lambda4,2,analytic,1,1,0,1.0,0.0,0.0,0.0,-1.0,0.0,0.0,0.0,9.5367431640625e-07,0.0,0.0,9.5367431640625e-07,0.0,0.0
innovation_gru,275000003,valid:lambda4:274000003:neural,lambda4,2,neural,3,3,0,0.6666666666666666,0.3333333333333333,0.0,0.0,-0.3333333333333333,0.0,0.0,6.357828776041666e-07,0.1777623494466146,0.0,0.0,0.17776171366373697,0.0,0.0
innovation_gru,275000003,valid:lambda4:274000004:analytic,lambda4,3,analytic,20,3,17,0.55,0.75,0.5294117647058824,0.7647058823529411,0.0,0.2,-0.035294117647058754,0.13181543350219727,0.1034433126449585,0.15219867930692785,0.10280359492582433,0.013613700866699219,-0.041985821723937986,0.00740926265716553
innovation_gru,275000003,valid:lambda4:274000004:neural,lambda4,3,neural,15,3,12,0.6,0.7333333333333333,0.5833333333333334,0.6666666666666666,0.06666666666666667,0.06666666666666667,-0.016666666666666594,0.07349170049031575,0.05112409591674805,0.07703530788421631,0.06390511989593506,-0.011863454182942709,-0.010504150390625,0.0026260375976562503
innovation_gru,275000003,valid:lambda4:274000004:period4_hold,lambda4,3,period4_hold,47,3,44,0.5957446808510638,0.723404255319149,0.5909090909090909,0.7045454545454546,0.02127659574468085,0.10638297872340426,-0.00725338491295939,0.17061889932510702,0.07632312368839345,0.17820764671672473,0.08152697303078392,-0.003786208781790226,-0.09050956685492333,0.006171106831017487
innovation_gru,275000003,valid:lambda4:274000005:neural,lambda4,4,neural,82,3,79,0.8780487804878049,0.8658536585365854,0.8860759493670886,0.8860759493670886,-0.012195121951219513,0.0,0.0,0.02268990074715963,0.024490879803169066,0.023367374758177167,0.022930712639531003,0.0022216657312904915,-0.00042068667528105945,1.597544336510374e-05
innovation_gru,275000003,valid:lambda4:274000005:period4_hold,lambda4,4,period4_hold,1641,3,1638,0.13101767215112736,0.3607556368068251,0.12942612942612944,0.3614163614163614,-0.0018281535648994515,0.2315661182205972,-0.0004241137696347763,0.1375858461907693,0.09819141304543802,0.13783783492005644,0.09816192336134859,0.0002089447542198688,-0.03960337789955116,7.253365915669413e-05
innovation_gru,275000003,valid:lambda4:274000005:analytic,lambda4,4,analytic,94,3,91,0.7978723404255319,0.776595744680851,0.7912087912087912,0.7912087912087912,-0.02127659574468085,0.0,0.0,0.08042196517295026,0.07426434374870138,0.08307323875008049,0.07455079634111006,0.0020928281418820644,-0.008250449566130942,0.0002719928428394896
innovation_gru,275000003,valid:lambda4:274000006:period4_hold,lambda4,5,period4_hold,0,0,0,0.0,0.0,0.0,0.0,0.0,0.0,0.0,0.0,0.0,0.0,0.0,0.0,0.0,0.0
innovation_gru,275000003,valid:lambda4:274000006:analytic,lambda4,5,analytic,5,3,2,1.0,0.8,1.0,1.0,-0.2,0.0,0.0,0.0,1.9073486328125e-07,0.0,0.0,1.9073486328125e-07,0.0,0.0
innovation_gru,275000003,valid:lambda4:274000006:neural,lambda4,5,neural,0,0,0,0.0,0.0,0.0,0.0,0.0,0.0,0.0,0.0,0.0,0.0,0.0,0.0,0.0,0.0
